"var","BLCA_rho","BLCA_rho_pval","BLCA_LH_meddelta","BLCA_LH_pval","BRCA_rho","BRCA_rho_pval","BRCA_LH_meddelta","BRCA_LH_pval","CESC_rho","CESC_rho_pval","CESC_LH_meddelta","CESC_LH_pval","COADREAD_rho","COADREAD_rho_pval","COADREAD_LH_meddelta","COADREAD_LH_pval","GBMLGG_rho","GBMLGG_rho_pval","GBMLGG_LH_meddelta","GBMLGG_LH_pval","HNSC_rho","HNSC_rho_pval","HNSC_LH_meddelta","HNSC_LH_pval","KIPAN_rho","KIPAN_rho_pval","KIPAN_LH_meddelta","KIPAN_LH_pval","LUAD_rho","LUAD_rho_pval","LUAD_LH_meddelta","LUAD_LH_pval","LUSC_rho","LUSC_rho_pval","LUSC_LH_meddelta","LUSC_LH_pval","OV_rho","OV_rho_pval","OV_LH_meddelta","OV_LH_pval","PRAD_rho","PRAD_rho_pval","PRAD_LH_meddelta","PRAD_LH_pval","SKCM_rho","SKCM_rho_pval","SKCM_LH_meddelta","SKCM_LH_pval","STAD_rho","STAD_rho_pval","STAD_LH_meddelta","STAD_LH_pval","THCA_rho","THCA_rho_pval","THCA_LH_meddelta","THCA_LH_pval","UCEC_rho","UCEC_rho_pval","UCEC_LH_meddelta","UCEC_LH_pval"
"silent",0.138753667473793,0.116835595097985,24,0.230406306680207,0.0490140616893768,0.126355439743994,2,0.053114752250145,0.157583758234978,0.0286189679742215,14,0.0191770970696064,0.196498677134514,0.00373766399096098,10,0.0665025193213235,0.430747419595718,0,10,4.38680249346877e-16,-0.00284746033139527,0.962235451324676,2,0.913695237209709,-0.356119751930237,0,-7,3.52572255665086e-14,0.114477932453156,0.0832051632150601,18.5,0.095360302528373,0.141173034906387,0.0601573985975934,15,0.0327841389642356,-0.0071365749463439,0.910785314485564,1,0.463498975791415,-0.0472333319485188,0.390966896946224,-1,0.425966989325983,0.0706972777843475,0.192142317444981,23,0.395394756261674,0.156126409769058,0.00991218322089482,16.5,0.00395708181167784,-0.0606009103357792,0.226533428682846,-1,0.531921870236203,0.221759453415871,0.000524320218042273,34,0.00239763357083133
"missense",0.172183141112328,0.051034690182681,45,0.120692437167951,0.0596686266362667,0.062678680436447,8,0.0132472364495141,0.16858771443367,0.0190944754211961,39,0.00968579814878079,0.188785433769226,0.00537688400586256,19.5,0.108714526478859,0.464759856462479,0,26,6.85899371673474e-20,0.00808150228112936,0.893099042598853,-2.5,0.953469828383569,-0.375906854867935,0,-20,3.56423050714046e-16,0.120823465287685,0.0673843987247396,32.5,0.103904264814099,0.140467315912247,0.0614633445098764,67,0.0243514139068985,-0.0228306781500578,0.719972142075683,0,0.854776238259701,-0.0449892207980156,0.413891475719166,0,0.595776909020496,0.0744516849517822,0.169528815322963,37,0.282402214163818,0.195526108145714,0.00119032348090786,94.5,0.000708649594949737,-0.150038123130798,0.00262611125642942,-3,0.00409453506894335,0.153949707746506,0.0167663240715261,111,0.0271172936937261
"nonstop",0.147142887115479,0.0961073050938235,0,0.180771537557478,0.0773448944091797,0.0157623386102863,0,0.00433981100421926,0.211840063333511,0.00310146297845559,0,0.00517841896956686,0.0666800439357758,0.329365792674531,0,0.489870037347984,0.00894794519990683,0.85237345268996,0,1,0.0278916303068399,0.642733193477572,0,0.439384264747008,0.0533979497849941,0.176596227755621,0,0.0829403178331022,0.0233680419623852,0.724454949496913,0,0.63220333588177,0.116190455853939,0.122470035524687,0,0.0840973107793067,0.0260427687317133,0.682576677141156,0,0.315288526798311,0.0296347700059414,0.590540566903475,0,0.472604527556481,-0.0939229652285576,0.082844150327003,0,0.147391822740282,0.212250962853432,0.000424034253017957,0,9.33210163592564e-05,-0.0714204236865044,0.153937771025646,0,0.158335625109967,0.19432145357132,0.00244609743800162,0,0.00682255058826052
"nonsense",0.191868141293526,0.0293857692591994,6,0.0876479891083128,0.0578150525689125,0.0713034291754382,0,0.047943848029119,0.136761352419853,0.0578902649990547,3,0.0691890529570717,0.225233018398285,0.000856155636613565,3,0.0222498370015548,0.27875143289566,3.32417426918141e-09,1,1.1611133742764e-08,0.0190269742161036,0.751687581024364,-0.5,0.873796790025648,-0.0238128583878279,0.546992369863253,-1,0.806404372113372,0.0834426581859589,0.20738970333346,3.5,0.256988149685603,0.115864045917988,0.123531078940541,6,0.0690062526397199,-0.0359044820070267,0.572826106831445,0,0.906399648597293,-0.134411066770554,0.0142467476414225,0,0.0642913405520914,0.0732392370700836,0.176603341077417,3.5,0.379165020799775,0.216280430555344,0.000326664153394773,3.5,0.000550365845420526,-0.0118317436426878,0.813508265270634,0,0.679933122568923,0.166977941989899,0.00940486792631212,6,0.0128388702518512
"frameshift",0.00387437432073057,0.965242158391989,0,0.907734519558237,-0.127653643488884,6.46455302151239e-05,-1,0.0116740264020419,-0.0345967784523964,0.6328960536457,0,0.933593879622157,0.209844902157784,0.00193011391821285,2,0.0181044149583368,0.13374587893486,0.0052055943039262,1,0.0185154929343259,-0.197173997759819,0.000928852819494841,-1.5,0.0024356235101219,-0.218058601021767,2.3825483808082e-08,-3,6.22689965435405e-06,0.0868330001831055,0.189455184780619,1,0.165455997284076,-0.110947139561176,0.140388326570874,0,0.539173805802568,-0.0765416547656059,0.228784470014631,0,0.404262355484298,0.0140764713287354,0.798313146361591,0,0.799820655705298,-0.0878008604049683,0.105037025702131,-1,0.243924073687235,0.0941782966256142,0.1212565275994,2,0.0509100373743651,-0.135873422026634,0.00649674492854801,-1,0.00361581946075232,0.13748537003994,0.0328926431210643,2,0.152104777181417
"total",0.165044039487839,0.0616041963064831,66,0.14199108054062,0.0443450510501862,0.166705768518018,13,0.0353160643814946,0.158373072743416,0.0278211841202243,58,0.0249719199291096,0.198447436094284,0.0034023889575201,27,0.0842119907565295,0.464590907096863,0,41,2.90853166270407e-19,-0.00393729982897639,0.947799101036659,1,0.825176416727611,-0.363452583551407,0,-30,1.06775983521189e-14,0.117350354790688,0.0757079456166907,50,0.10508850527154,0.129793077707291,0.084209420544612,76,0.0358905465368497,-0.0186939872801304,0.769118974094844,1,0.747399014760439,-0.0469127707183361,0.394193754528027,-1,0.650901455318116,0.0715118274092674,0.187057669927996,80,0.326334040106133,0.185233891010284,0.00215875186186798,110,0.000890204465153247,-0.152863919734955,0.00217126488366559,-4,0.00678697813050048,0.170861884951591,0.0078541776283001,163,0.0207723022136245
"GZMA",0.985279202461243,0,NA,NA,0.980174839496613,0,NA,NA,0.96912556886673,0,NA,NA,0.906400382518768,0,NA,NA,0.961696684360504,0,NA,NA,0.977909445762634,0,NA,NA,0.97315639257431,0,NA,NA,0.941812634468079,0,NA,NA,0.965210139751434,0,NA,NA,0.977169811725616,0,NA,NA,0.964717864990234,0,NA,NA,0.982523202896118,0,NA,NA,0.953822076320648,0,NA,NA,0.971734762191772,0,NA,NA,0.939060747623444,0,NA,NA
"PRF1",0.972903609275818,0,NA,NA,0.974585652351379,0,NA,NA,0.964436650276184,0,NA,NA,0.869915068149567,0,NA,NA,0.927699327468872,0,NA,NA,0.964969754219055,0,NA,NA,0.966726005077362,0,NA,NA,0.916062533855438,0,NA,NA,0.951351642608643,0,NA,NA,0.972423613071442,0,NA,NA,0.951716065406799,0,NA,NA,0.979626178741455,0,NA,NA,0.95446789264679,0,NA,NA,0.94389271736145,0,NA,NA,0.938495755195618,0,NA,NA
"cyt",1,NA,NA,NA,1,NA,NA,NA,1,NA,NA,NA,1,NA,NA,NA,1,NA,NA,NA,1,NA,NA,NA,1,NA,NA,NA,1,NA,NA,NA,1,NA,NA,NA,1,NA,NA,NA,1,NA,NA,NA,1,NA,NA,NA,1,NA,NA,NA,1,NA,NA,NA,1,NA,NA,NA
"nmdptc_max",0.0762830898165703,0.390214116348609,0.0122898026725209,0.570558359443361,-0.0438839234411716,0.171164143066582,-0.0482277986452944,0.864846069724073,0.111954361200333,0.121119113095955,0.618086953482287,0.102486331353971,0.134208202362061,0.0488469037903116,0.963737623951826,0.029558922005307,0.0693443045020103,0.148776346253114,0.434457863240104,0.0639724124837114,-0.200865164399147,0.000739487892382096,NA,NA,-0.174946397542953,8.2522485191916e-06,-0.832833965959128,8.84570797230481e-06,-0.0981565862894058,0.137784033271331,-0.449427223068585,0.10960796950632,-0.101154863834381,0.17910532584381,-0.505050900365024,0.958625629455527,-0.0309415571391582,0.627031564795322,-1.04608466832318,0.702146291794893,-0.0476476214826107,0.386820281661613,-0.339223863035764,0.0299804115865038,-0.0715133920311928,0.187047999255779,-0.0224537336055097,0.460279322949552,0.175717413425446,0.00364547029719997,1.67554375782503,0.00501975419459539,-0.0168990343809128,0.736156824606976,0.388330273354978,0.338738121778148,-0.0196660384535789,0.761325140930548,-0.0967579658081679,0.720957753728151
"nmdptc_n_decayed",0.362499833106995,2.42532139855811e-05,3,0.00079399990543367,-0.0261816140264273,0.414390368119257,0,0.443847432707226,0.172116413712502,0.016689650765489,2,0.0207286517454207,0.219120413064957,0.00119030590080893,5.5,0.0047227559116778,0.0727721899747849,0.129664311150933,1,0.035367764150494,-0.043964609503746,0.464528407118147,NA,NA,-0.0543916113674641,0.168669144593035,-1,0.128641642332435,-0.0291910655796528,0.659657376642212,-1.5,0.704028586857386,0.0129585601389408,0.863690748638938,-1,0.194186179290572,-0.0065775029361248,0.917748594035135,0,0.498099730949318,-0.0177106838673353,0.747822323065405,0,0.0917099446480681,-0.0121468473225832,0.822897033863975,-0.5,0.517306648290208,0.203856810927391,0.000719091598515575,4,0.000668307078122374,0.0217842031270266,0.66401822656225,1,0.0681754442933113,0.0795250609517097,0.218662880795207,1,0.132749073169451
"nmdptc_frac_decayed",0.019420862197876,0.827076787196994,-0.0714285714285714,0.636184962823609,-0.0269522741436958,0.400782082655992,0,0.834201136070299,-0.0391263961791992,0.589033468314361,-0.0324324324324324,0.564442297455127,-0.0135765140876174,0.842744209936012,-0.0297067763275523,0.989741846597752,-0.0955055728554726,0.0465086304423314,-0.333333333333333,0.0535063428272523,-0.12643001973629,0.0347900320086305,NA,NA,-0.159860551357269,4.72552831056738e-05,-0.166666666666667,2.02609688595812e-05,-0.186270385980606,0.00459136350918765,-0.171428571428571,0.00582246943299356,-0.0579366758465767,0.442385351744407,0.00701754385964914,0.835307707770645,-0.0758079886436462,0.233289986442368,-0.125,0.555471235710362,-0.0556868836283684,0.311719023948889,-0.333333333333333,0.0557319331422366,-0.194520741701126,0.000296000730160229,-0.116269841269841,0.000486681611612973,-0.117658674716949,0.0525893690197501,-0.11753271547086,0.0621523810666055,-0.132980182766914,0.00774203370540816,-0.5,0.121259935046908,-0.195250988006592,0.00232905364967251,-0.166666666666667,0.00947886882664235
"nmdptc_med",0.0272519253194332,0.759173266674973,0.00761534507496193,0.979061076354195,-0.0338700599968433,0.290970322405528,0.0400322148984278,0.78736635587374,0.0029321548063308,0.967718211272562,-0.167496045682189,0.911264087398317,-0.0222986880689859,0.744529251468323,-0.0254931871657752,0.834947059250772,-0.033507127314806,0.485783109922601,-0.0843074215865687,0.414036531438368,-0.186548665165901,0.00175101333698979,NA,NA,-0.196967050433159,4.89637854705904e-07,-0.371497736067129,1.04397071889459e-07,-0.157407060265541,0.016889597852797,-0.346772746411754,0.00588596810570628,-0.0965548157691956,0.199799148997102,-0.174845240440079,0.849020827552915,-0.0643511265516281,0.311833205732911,-0.0205241644320062,0.462932895054112,-0.0757113173604012,0.1687290984961,-0.182236538546174,0.0162003752763665,-0.197373121976852,0.00023981331730516,-0.215167257004353,0.000317692392813567,-0.119049064815044,0.0498386978734406,-0.250625428190911,0.0347947087452705,-0.142184317111969,0.00438187934589007,-0.268865052122436,0.0790756805645679,-0.174316346645355,0.00667074704654613,-0.253802254243487,0.0509017896272871
"nmdptc_med.wt",-0.0641767755150795,0.469951091182456,-0.0165430343664176,0.440262205298102,-0.017345042899251,0.588737455962509,0.0189555886389905,0.489869422097831,-0.0332338698208332,0.646358243140318,-0.0434450827811073,0.441053505603865,-0.0882793590426445,0.196207336735108,-0.0260822325053697,0.402628618218534,-0.0743384510278702,0.121590327609535,-0.122087447622808,0.479791124698928,-0.185331299901009,0.00187899776157985,NA,NA,-0.161306753754616,4.02396488803358e-05,-0.0472425810295328,0.466947746223393,-0.142555236816406,0.0306777397452129,-0.0304221886753404,0.475068786685318,-0.101731084287167,0.17662884176707,-0.00670729753486824,0.466214021547955,-0.0523963272571564,0.410391132139995,-0.18091630711679,0.472705409717573,-0.0631070509552956,0.251517359073652,-0.0895073213981863,0.480578779529642,-0.189514920115471,0.000425243448035406,-0.0207916680224337,0.425763518580101,-0.174625247716904,0.00386518241816436,-0.0484096444355785,0.466436567408437,-0.131705954670906,0.00835507323760454,-0.15412130044693,0.466131672226689,-0.176639899611473,0.0059670677990642,-0.0220514456358867,0.412121557427989
"nmdptc_mean",-0.0220036078244448,0.804513237276671,-0.151497179814665,0.597459372413008,-0.0496642962098122,0.121396811598341,-0.0317750635296979,0.351138731487708,-0.0194335374981165,0.788506225462492,-0.0386910871160031,0.643513244937926,-0.0475555397570133,0.486893102773958,0.0288687897046588,0.746195213579198,-0.0173939801752567,0.717528592967452,-0.0527682474297823,0.629190285362985,-0.191081762313843,0.00134143005995435,NA,NA,-0.224979415535927,8.24349344341613e-09,-0.440706519252105,4.44806888824209e-09,-0.154597654938698,0.0189793373436145,-0.487201453845133,0.0195461633629048,-0.0989944711327553,0.188618270287026,-0.17974603071929,0.796367250286471,-0.0624762289226055,0.326170187652481,-0.227030725426963,0.512559040758698,-0.095058985054493,0.0837298845559835,-0.216492269748176,0.0021921013280856,-0.186414986848831,0.000529799927129204,-0.353641367473762,0.000873172957219254,-0.111087903380394,0.0673491245047981,-0.263922650338635,0.0485479849801229,-0.182495400309563,0.000243172014363857,-0.355957380181654,0.00527869709908439,-0.177536725997925,0.00571376115537747,-0.243254180896545,0.0772651368770353
"nmdptc_mean.wt",-0.214792340993881,0.0145081923308505,-0.0411006657446571,0.00367734351080313,-0.0175624880939722,0.584072634337474,0.00222113550299076,0.978261294628988,-0.0727025642991066,0.315000135003874,-0.050318667770298,0.28175055718492,-0.122825607657433,0.0716220299308368,-0.0258882123986684,0.115617479440198,-0.0551563426852226,0.250993048721922,-0.100799973783465,0.175019972500851,-0.208987861871719,0.000441421240062079,NA,NA,-0.210439950227737,7.36383594102108e-08,-0.0733599691719451,1.06344560415008e-08,-0.145819380879402,0.0270189402183849,-0.0543235221631428,0.0235678379106574,-0.117349594831467,0.118759063997514,-0.0200880817323397,0.541166222832614,-0.0541110597550869,0.395222337626503,-0.174522264442514,0.6381640470613,-0.067768819630146,0.218111343699198,-0.105921327625035,0.0237250349954226,-0.180768206715584,0.000783779960716657,-0.02701466311794,0.00301014505001823,-0.168966010212898,0.00520698836268174,-0.0719492062061783,0.00170575341240785,-0.140951991081238,0.00473794539760286,-0.185555743240034,0.0655852588854368,-0.157747358083725,0.014224872902965,-0.0209759955155159,0.0962779691168403
"nmdptc_mut.bool",-0.132922038435936,0.133179403778063,0,0.332197561388374,0.00352089246734977,0.912613455707776,0,0.89315552907826,-0.040279570966959,0.578093012343998,0,0.654579903713178,0.0750005319714546,0.272454059767969,0,0.567301725683259,-0.000810660189017653,0.986549091856629,0,0.687628683657433,-0.00973343662917614,0.871420539724964,NA,NA,-0.0501830279827118,0.204139599867175,0,0.167042602107093,0.150819629430771,0.0221413879052119,0,0.0233199049399982,0.138730868697166,0.0647759639814651,0,0.043044138556946,0.0119679672643542,0.8509489109676,0,0.852144941965171,-0.0537395551800728,0.328968442666008,0,0.434047648170603,-0.0605946518480778,0.263773729555987,0,0.472854782559432,-0.0104254959151149,0.864102294401783,0,0.654648632666513,0.0682056173682213,0.17337809897645,0,0.473138776821756,0.112150855362415,0.0823019482760501,0,0.174804584555376
"nmdfs_max",0.0493701323866844,0.578472000981259,0.0816894562928485,0.244307395311657,0.0417630821466446,0.192821581541636,0.615097292738005,0.730997192894247,-0.0111965509131551,0.877182513733353,-0.204610761619079,0.655465022704263,0.0879638344049454,0.197817223410698,1.63414236033166,0.00558804932482514,-0.00954530574381351,0.842642288936572,0.389423322655274,0.28183185814117,-0.088581956923008,0.139978706741033,-0.56522153287183,0.00422987576318949,-0.11094281822443,0.00488908966538215,-0.649508462623266,1.92064512793746e-05,-0.10571151971817,0.109833271809133,-0.661691993471029,0.191028189000003,-0.0899297595024109,0.232563992915211,-6.19143782776676,0.849129630378082,-0.00637410022318363,0.920283573480476,0,0.95400325314361,-0.0255685951560736,0.642503919279117,-0.811926672762173,0.00349183364189837,-0.192976862192154,0.000331314029152985,-1.0910132855267,9.95214077982356e-05,0.0611923038959503,0.314654139669162,1.76818605625941,0.0136752009401618,0.0191328451037407,0.70283650003337,8.59539559071527,0.0955573508997046,-0.0469324626028538,0.468329680887668,0.0859140497496462,0.55827087528924
"nmdfs_n_decayed",0.114327736198902,0.197012777660332,1,0.0268429645825236,0.0367617644369602,0.251707822898878,0,0.923129075424175,-0.00276803667657077,0.969524184836658,-1,0.500008976157075,0.110006399452686,0.106902556128022,9.5,0.00210068440849858,-0.0203931797295809,0.671453683047242,0,0.456741841265117,0.0351686552166939,0.558563823914713,0,0.622476019826343,-0.00277906330302358,0.943972363650337,0,0.171627422499384,-0.0453666336834431,0.493581822631678,-0.5,0.657015478475616,-0.0916338786482811,0.223795890993799,-7,0.67176180125559,-0.00712092313915491,0.910980168680864,0,0.754776426587104,-0.00506240595132113,0.926782165349189,0,0.0179509979828463,-0.115065857768059,0.0334017767979824,-1,0.0149343192034232,0.0498584024608135,0.41278159550629,11.5,0.0164541581575266,0.037627249956131,0.452980296320293,8407,0.016240108443821,-0.0100622233003378,0.87650637835031,0,0.443591447654143
"nmdfs_frac_decayed",0.0441846735775471,0.619048207965271,0.166666666666667,0.406104542927866,0.0310715790838003,0.332694525936114,0.25,0.602545378633212,-0.0409697890281677,0.571590439789307,0,0.412403335612675,-0.00725097022950649,0.915621944257661,-0.176136363636364,0.67247025808069,-0.0407659858465195,0.396355440889097,0,0.9094694408871,0.0288217272609472,0.631685382658273,0.130555555555556,0.765818353582718,-0.0784547924995422,0.0469162891999562,-0.0952380952380952,0.00141487897603538,-0.127850770950317,0.0528257745489067,-0.273550724637681,0.0622669338384458,-0.0792568698525429,0.292972083796315,0,0.447235879566328,-0.0412179008126259,0.51736660096591,0,0.975783149709727,-0.117900751531124,0.0317417813103709,0,0.000519421043942058,-0.102326482534409,0.0587064751025976,-0.25,0.0264515616362259,-0.157768040895462,0.00915163689217913,-0.220992804902436,0.0489368685397128,-0.128787457942963,0.00992491444592769,-0.125,0.0708325617761946,-0.171693682670593,0.00755330390447595,-0.242424242424242,0.0384989336385386
"nmdfs_med",0.0582156702876091,0.512259643719464,0.338283050269985,0.253239820969371,0.0349113047122955,0.276383852394736,0.192557247074295,0.824623667555287,0.0358019396662712,0.621091523043171,-0.0492371143080245,0.737771697796476,0.00690539367496967,0.919629475910034,-0.101908039088189,0.517515651091677,-0.0186590719968081,0.697956968467913,0.220919641470067,0.354017987124061,-0.0387861505150795,0.518803623015176,0.00594220616359259,0.0310819570908375,-0.123143084347248,0.00177207870716822,-0.357151069738749,4.18461444969453e-06,-0.0797242298722267,0.228431811080454,-0.416190778595583,0.288910648287567,-0.0892039090394974,0.236371112724358,-3.84959591638231,0.703445448149847,-0.0147659480571747,0.816659982594439,0,0.509438189661667,-0.0744474530220032,0.175972715764445,-0.466070601791689,1.71892873195982e-05,-0.140912607312202,0.00906951289433966,-0.385036601814705,0.00212486318636817,-0.159449875354767,0.00842662653250592,-0.442284113442409,0.0577579169542485,-0.0997448861598969,0.0461926283611138,-0.921634612869659,0.017762937959372,-0.134905457496643,0.036350535576932,-0.273897563399255,0.240395121247954
"nmdfs_med.wt",0.00312999519519508,0.971917093235268,0.00470658887059584,0.437111020550704,0.0384096167981625,0.231062133324138,0.0888062609008599,0.489970512550726,0.0243791919201612,0.73646636416271,-0.159856419260888,0.470091808405162,-0.0236585885286331,0.729538390614953,-0.0933315887398681,0.47881708655515,-0.0378856919705868,0.430592512576009,-0.0409868298012565,0.34551526460448,0.0049680876545608,0.93416055587342,0.00530115966227944,0.466351289243201,-0.0937887653708458,0.0174539142006347,-0.0649888404377423,0.463680254348789,-0.063253365457058,0.339570159612169,-0.0764861822771957,0.478479125491001,-0.0779712051153183,0.300896622189424,-4.22900601597669,0.367213451222292,-0.00826137792319059,0.896796968940148,0,0.393875517088284,-0.0632936209440231,0.250115674695187,-0.304005103173717,0.477475177496799,-0.117832385003567,0.0293524649251158,-0.0783249189415668,0.473340569977588,-0.196190536022186,0.0011442620396267,-0.142272150847458,0.403528595592561,-0.093267910182476,0.0623800723927888,-0.887172087048024,0.471744289092565,-0.162159726023674,0.0117016740705165,-0.184846323987748,0.39998602837639
"nmdfs_mean",0.0269380789250135,0.761863373999647,0.0122404749564168,0.568851130909565,0.0366797484457493,0.25276792615301,0.140936402373559,0.764015557950864,0.0130190793424845,0.857388468078266,-0.0569412103932316,1,0.0027400974649936,0.968063272944122,-0.0876607303890984,0.564687004162853,-0.00959932431578636,0.841763468138547,0.226162143559846,0.290960274799319,-0.0625492408871651,0.297825661613398,-0.0544603168923523,0.0123540631199124,-0.131841957569122,0.000811937768247617,-0.429774289123709,7.36364674945592e-07,-0.118885055184364,0.0719325122213033,-0.348509307040032,0.109294764209927,-0.0915503799915314,0.224219973846677,-3.69016314278343,0.703605359962223,-0.014535897411406,0.819467040635595,0,0.512758441341852,-0.0857476517558098,0.118907147239657,-0.466070601791689,4.41162801516152e-06,-0.157156094908714,0.0035704439842541,-0.406139277860057,0.000779255910659643,-0.136202618479729,0.0246755305828303,-0.461751581869547,0.147420848461537,-0.132508784532547,0.00796398306549095,-0.921634612869659,0.000242627690677801,-0.13329304754734,0.0386643066370858,-0.34774463997423,0.488308947591628
"nmdfs_mean.wt",-0.0510149300098419,0.56586456229322,-0.0205629060773666,0.708242694255788,0.0479772388935089,0.134586099537555,0.108001613364217,0.920850729212242,0.00662329234182835,0.927161260537095,-0.159856419260888,0.942465077084076,-0.0174586772918701,0.798630654503345,-0.103674560162225,0.796138570702345,-0.0320645458996296,0.504768053767458,-0.00910285741284189,0.699749709365068,-0.0102403685450554,0.864786468025095,-0.00316860520712867,0.166420408931526,-0.122253946959972,0.00191409628802885,-0.113952665920521,2.9983850560622e-06,-0.0951968804001808,0.15011185798566,-0.077795771063145,0.298309366906407,-0.0783628895878792,0.298467516041782,-4.22127863333322,0.969651153738972,-0.00666768476366997,0.916624934910853,0,0.923412867240176,-0.0632820203900337,0.250202669996474,-0.304005103173717,0.000195405952443773,-0.141470849514008,0.00879645099039617,-0.0649898517414614,0.00145478745015182,-0.174050450325012,0.00398555706850701,-0.193322699560201,0.0195451657001183,-0.0994857847690582,0.0467647886390394,-0.888484469189476,0.0195704429945519,-0.169284522533417,0.00845416400212917,-0.197319693985586,0.108638094637855
"nmdfs_mut.bool",0.0480624847114086,0.588587320253249,0,0.50218158984746,-0.0784215182065964,0.0143618489930879,0,0.0570031074277392,-0.0147474640980363,0.838698537435452,0,0.834984206213528,0.0780613273382187,0.253308754948011,0,0.498379955850587,0.0346272364258766,0.471311826492939,0,0.670527376495246,-0.143114104866982,0.0167536127984507,0,0.00821476568607215,-0.0905558690428734,0.0217489456643729,0,0.0385919477167023,0.105509340763092,0.110518330666568,0,0.144220208781635,0.0916877314448357,0.223522678883962,1,0.139936238849546,0.00571825169026852,0.928462678118782,0,1,-0.0516751036047935,0.347914964358266,0,0.338127000498921,-0.00511938519775867,0.924848581880902,0,0.851936331809854,0.0813153460621834,0.181181454429284,0,0.0639321406070438,0.0204876940697432,0.682896033375492,0,0.885892202550657,0.142013132572174,0.0274991302133312,0,0.109988924045561
"nmdns_max",-0.0546184442937374,0.538708372864115,-0.708604527317699,0.964870817132945,-0.0548656843602657,0.0870087685354459,-0.301819729997076,0.974063897478401,0.0740765631198883,0.30591711525863,0.426150051306654,0.128700292926959,0.154603466391563,0.0230445644229513,0.887350461964364,0.0278777809195675,-0.109908923506737,0.0218660749855319,-1.67531132844481,0.620725363633087,-0.072665847837925,0.226313489052,-0.175725359821179,0.425886586301876,-0.155914291739464,7.27526326893546e-05,-1.12897843364456,0.00333670844762102,-0.110422872006893,0.0947939375778091,-0.297998837069827,0.196839365944132,-0.0747106075286865,0.321623428071359,-0.188129048540619,0.914484568630048,-0.050201591104269,0.430299516285634,-2.76236415779849,0.970572655226098,0.0688816979527473,0.210628928889133,7.36980830535741,0.761867742863739,-0.0502479076385498,0.354222575715305,0.0613245347279747,0.78627579353046,-0.00183383643161505,0.975983197656225,0.388470890803025,0.178330449177494,-0.110725693404675,0.0268015071017178,-4.26865389190193,0.114202340802813,-0.0195419210940599,0.76278642616707,-0.13979845173828,0.585456093075777
"nmdns_n_decayed",0.219436168670654,0.0124688893768941,1,0.0190995907509998,-0.0341908223927021,0.286422787293805,0.5,0.132868348069068,0.109611921012402,0.12915021979456,1,0.0289775444654853,0.280120223760605,2.95442837690008e-05,5,0.00046427442746386,-0.110831297934055,0.0207751609802662,-1,0.698979016151643,0.00666720885783434,0.911722924808664,1,0.810067563714246,-0.115972675383091,0.00325372463367568,-1,0.108612995593588,-0.0567958503961563,0.391250923981998,0,0.85183298991491,0.0504391863942146,0.503733196984486,1,0.0815413001544383,-0.0278509221971035,0.661854887816828,-9009,0.474296832081813,0.0778954103589058,0.156739988670889,4846,0.91905048968695,-0.00747829582542181,0.890403594565661,-1,0.717556962892876,0.0850647538900375,0.161813024851534,2,0.0046218781010185,-0.109024427831173,0.0292450684647785,-6030,0.0559333288959559,0.0592697523534298,0.359595641237183,4,0.0515509953027768
"nmdns_frac_decayed",-0.0705961212515831,0.426610024905211,-0.166666666666667,0.431436128927981,-0.0990411415696144,0.00197068863435534,0,0.184124975420243,-0.0914086773991585,0.206126244826125,-0.0952380952380952,0.516057227803165,0.0132188405841589,0.846835515658973,0.109432571849668,0.673652775123422,-0.112625896930695,0.0187874930871361,-0.2,0.128817514618382,-0.1359553784132,0.0231310647803724,-0.0541666666666666,0.0432080870575509,-0.167415469884872,2.0099042628452e-05,-0.4,0.00273681515184339,-0.158044636249542,0.0164442891457321,-0.175925925925926,0.0267532888333231,-0.0223154108971357,0.767486699911151,0.0833333333333334,0.480982493355631,-0.0614896006882191,0.333883064006656,0,0.929242372935519,0.0588334836065769,0.285123716717806,0,0.973440608160574,-0.196321502327919,0.000259255162694538,-0.164884135472371,0.000416303768217193,-0.203370913863182,0.00074095076516878,-0.311764705882353,0.0176539833410088,-0.158633932471275,0.00145794203612892,-0.434633397821852,0.452594402116351,-0.143676534295082,0.025717715800696,-0.121212121212121,0.0918672771444995
"nmdns_med",-0.0140754114836454,0.874206428931121,-0.0739867018024586,0.988286958111177,-0.0830820947885513,0.00948490670925883,-0.591481904628477,0.18086027700328,-0.0658516809344292,0.362882630274309,-0.186157494327357,0.732101887132966,0.000514856830704957,0.993997640432441,0.0728751481311639,0.906649550999237,-0.124984093010426,0.00906775970093765,-0.529940142904525,0.268333132529197,-0.15315143764019,0.0104137570659657,-0.339792267497933,0.0125612692846479,-0.194583907723427,6.75532675575852e-07,-0.659688046504847,5.44436482658298e-05,-0.132253929972649,0.0451116649205869,-0.454856602562463,0.0281379965824986,-0.0650346875190735,0.38842812094576,-0.0184365364730549,0.893103113936856,-0.0531841777265072,0.403379427974021,-2.61583114287559,0.980388479565287,0.0413747169077396,0.452435021977788,0.652632252640815,0.466722415219258,-0.180295899510384,0.000809463081081763,-0.237911000344665,0.0019325928232198,-0.20056326687336,0.000879743219042606,-0.405633595170289,0.00475656040276506,-0.181399181485176,0.000265391696463002,-5.92880609645816,0.396288430225536,-0.122716695070267,0.057123193917707,-0.377672191738606,0.242508003248634
"nmdns_med.wt",-0.0726246535778046,0.413408784565185,-0.0151609403983091,0.439247456660294,-0.0873768851161003,0.00635919719063027,-0.503813709959642,0.458113955700258,-0.121455274522305,0.0924555669592588,-0.133810650554428,0.439358231425964,-0.0603872239589691,0.377147749685362,-0.0515981810115525,0.47791635337967,-0.123247005045414,0.010083871280661,-0.568867472459999,0.489500899999509,-0.194328531622887,0.00110430145933194,-0.0940389415360118,0.479414851236116,-0.169904887676239,1.5038774826337e-05,-0.303033163481693,0.46716038804504,-0.132330968976021,0.0449855818884672,-0.0773905652473447,0.477994965393362,-0.0745098367333412,0.32292918673922,-0.00241763049996696,0.404838728050257,-0.0370487868785858,0.560648744284495,-3.09651765707397,0.476856477393144,0.0577434748411179,0.294158108225571,0.78352570565971,0.482163359068585,-0.166777297854424,0.00197036722365107,-0.021871456936252,0.376303778630984,-0.238887652754784,6.90723035692287e-05,-0.245889857594559,0.472699123204061,-0.179499283432961,0.00030844986868539,-6.03454401652675,0.466892924002969,-0.105409167706966,0.102588218534649,-0.0387753051364743,0.475910572543903
"nmdns_mean",-0.121629327535629,0.16972090953606,-0.517892087614442,0.439247456660294,-0.0835306793451309,0.00910414940859772,-0.497410859774093,0.473232002253155,-0.0555302314460278,0.443062894432477,-0.0975212072391003,0.449849854925016,-0.0318001322448254,0.642095975970838,0.104401783763292,0.453422486086782,-0.11685237288475,0.0147485225263893,-0.612789114808886,0.481915817976317,-0.12889589369297,0.0313732582423265,-0.29334150847084,0.434085103818708,-0.215509101748466,3.49180102610092e-08,-0.714175636619113,0.482010501013985,-0.153282791376114,0.0200322123776229,-0.452987365509672,0.471884195700199,-0.0768745839595795,0.307766803500412,-0.127906597258906,0.44866816603835,-0.053173303604126,0.403475717390791,-2.61583114287559,0.441994332546005,0.0219056569039822,0.690864317101783,0.652632252640815,0.481380075961729,-0.167881280183792,0.00183669035099054,-0.500845004833915,0.462344066914221,-0.200523182749748,0.000881887817377969,-0.415081077320032,0.474232293607467,-0.202509358525276,4.50625612926636e-05,-5.96720750251225,0.483794422456398,-0.157836496829987,0.0141695166621738,-0.365627852703133,0.454524906604028
"nmdns_mean.wt",-0.168112874031067,0.0568597815572647,-0.0748180293636476,0.439247456660294,-0.089436836540699,0.00521818535358265,-0.49924302020949,0.473232002253155,-0.136771261692047,0.0578719422774596,-0.129126955818871,0.449849854925016,-0.0998531058430672,0.143555617989161,-0.0622419765141692,0.453422486086782,-0.113389514386654,0.0179933240410413,-0.566388454764232,0.481915817976317,-0.176376283168793,0.00311609629074772,-0.118602248681941,0.434085103818708,-0.185033425688744,2.35839041451413e-06,-0.314396019976439,0.482010501013985,-0.141201332211494,0.0323149735606072,-0.1023100634277,0.471884195700199,-0.103937946259975,0.167378014440207,-0.0137841837391127,0.44866816603835,-0.0410507544875145,0.519068177621657,-3.09651765707397,0.441994332546005,0.0505223348736763,0.358789070386006,0.78352570565971,0.481380075961729,-0.132070094347,0.0145182712965566,-0.0195807765596537,0.462344066914221,-0.255801886320114,1.94921838352347e-05,-0.247462038678942,0.474232293607467,-0.185221910476685,0.000195216720592306,-6.03627338178244,0.483794422456398,-0.121687687933445,0.0592552032021323,-0.0522522135785237,0.454524906604028
"nmdns_mut.bool",0.0983260944485664,0.267607720431737,0,0.668524138886525,0.05455556884408,0.0888108129037464,0,0.188503350419691,0.0455764569342136,0.529098709859277,0,0.738596964270308,-0.0221212450414896,0.746492541461984,0,0.674424072235294,0.131781473755836,0.00591193508314625,0,0.00358743576457793,-0.000506047101225704,0.993286116076932,0,1,0.078839935362339,0.045842546744709,0,0.116936143946957,0.104237370193005,0.114905431760036,0,0.556085578292784,0.0580497980117798,0.441493405731992,0,0.672603817441517,0.0364146269857883,0.567381893099037,0,0.591810722569476,-0.0721474215388298,0.189742929197521,0,0.269245241497983,0.00100513885263354,0.985223841874116,0,1,0.128454297780991,0.0342135094953113,0,0.0380559209998679,0.172871693968773,0.000515068719221912,1,0.0100322788107598,0.0819491893053055,0.204900632353862,0,0.581354600905303
"TNFRSF4_cna",-0.0659123286604881,0.45800186157318,0,0.0126235329396979,0.0790977627038956,0.0135392952612932,0,0.0125517802062016,0.0542044751346111,0.454043154791058,0,0.940800176380052,0.177073732018471,0.00910775750295834,0,0.00355706099309618,0.223228469491005,2.57798158909139e-06,0,9.21956237627029e-06,0.0585770234465599,0.329622847082697,0,0.00456164980299982,0.217865869402885,2.45280078470245e-08,0,0.000447898651288977,-0.0150907598435879,0.819934885229302,0,0.751417713830864,0.124423339962959,0.097974058845069,1,0.147318951380865,0.00742121459916234,0.907242689135398,0,0.540626108900067,0.0586354024708271,0.286751443291677,0,0.616601330474835,0.102484919130802,0.0583143219797218,0,0.251048074673692,0.064362071454525,0.290194513792943,0,0.00356500959878301,0.0179161168634892,0.720919897291483,0,0.367879441171442,-0.0152087500318885,0.814294620150585,0,0.136724574990371
"CNKSR1_cna",-0.0783686563372612,0.377348724253039,0,0.0466301420745417,0.112860158085823,0.000417121730525771,0,0.0108238355101215,0.141117990016937,0.0502833495295567,0,0.269574684412799,0.248339146375656,0.000227299668617453,1,0.000358250845725294,0.2434291690588,2.74694266666486e-07,0,9.27439696073438e-07,0.116296768188477,0.0523302592994703,0,0.00326501867694842,0.213203728199005,4.9137710345093e-08,0,0.000386981030176388,-0.0701953619718552,0.289111221117972,0,0.721151046982149,0.137470483779907,0.067270747759884,1,0.163300672281936,0.0292023494839668,0.646532581280908,0,0.58593470110917,0.113742858171463,0.0383210843996995,0,0.19694416151052,0.0960239768028259,0.0761635729814869,0,0.102612799588006,0.0755015462636948,0.214516647281825,0,0.0269176419930425,-0.0230830702930689,0.645316712235926,0,1,0.0364907681941986,0.572936808298005,0,0.0441992428980925
"FUBP1_cna",-0.00412163138389587,0.963025484916728,0,0.0370864837761887,0.0930607840418816,0.00365015660263612,0,0.00714807597544942,0.0406987927854061,0.574139389032672,0,0.505826589729667,0.250059574842453,0.000204860360599746,0,7.37891313240103e-05,0.285629719495773,1.30332544756584e-09,0,1.76860121693107e-08,0.0927982777357101,0.122004008929813,0,0.0186445035352037,0.267623007297516,5.42899059041702e-12,0,1.99707825532706e-06,-0.0806581377983093,0.223010140324977,0,0.295545016814039,0.020808607339859,0.78278203886826,1,0.121333070651328,-0.069580115377903,0.274061460912863,0,0.599515965751227,-0.019481398165226,0.723591650442947,0,0.932358855650349,0.0704180598258972,0.193908350946585,0,0.533400664738663,0.0801575407385826,0.187495079159139,0,0.00232194840561412,0.0107834124937654,0.829767656204309,0,1,-0.0989882051944733,0.125402356233051,0,0.0279425088441049
"IL10_cna",0.0558111667633057,0.529864416402714,0,0.213637751156891,-0.0494589358568192,0.122946177167714,0,0.0255497771097952,-0.0416775420308113,0.564958726122656,0,0.256830756860683,-0.016584912315011,0.808509159713464,0,0.0123105644150535,0.144416630268097,0.0025342383207505,0,0.00154097237139967,-0.13396655023098,0.0252384961400984,0,0.000388734675884861,0.272591859102249,2.11164419283705e-12,0,2.39603332473639e-08,-0.105914890766144,0.109147541468967,0,0.0510193245045459,0.0248438902199268,0.742023840977245,0,0.508523447307361,-0.0597652718424797,0.347641116909538,-1,0.081895500184778,0.057812362909317,0.293581544820907,0,0.486752255959972,0.0811023339629173,0.134439927306745,0,0.454352930627468,-0.13845457136631,0.0223747002346584,0,0.000862058806895348,-0.0591789446771145,0.237638444861504,0,0.355755498357751,-0.166072502732277,0.00980322838031111,-1,0.00530987278921905
"IRF6_cna",0.0671873539686203,0.449331798954493,0,0.193869214908113,-0.047965195029974,0.134684082948878,0,0.0613753015376603,-0.0360781475901604,0.61839950433228,0,0.256830756860683,-0.0454924888908863,0.50600880020892,0,0.00479828926718666,0.125893145799637,0.00857319818721147,0,0.00160193605805288,-0.148625701665878,0.0129474617894552,0,0.0018849308194797,0.28639218211174,1.38333788868295e-13,0,3.49119578659961e-08,-0.0958017632365227,0.147526752519425,0,0.140422311867705,0.00667433487251401,0.929542580597336,0,0.981502902990784,-0.0575088411569595,0.366177740318675,-1,0.0217153600679824,0.0187071226537228,0.734154666796101,0,0.695850020020856,0.0766537189483643,0.157224623892212,0,0.733325426916868,-0.136424824595451,0.0244397819831814,0,0.00133758378341702,-0.0591789446771145,0.237638444861504,0,0.355755498357751,-0.172943085432053,0.00712065787220428,-1,0.00777719763623518
"IRF6_mut",0.104438744485378,0.23884659373557,0,1,NA,NA,NA,NA,NA,NA,NA,NA,NA,NA,NA,NA,NA,NA,NA,NA,0.0796802341938019,0.18448951080799,0,1,NA,NA,NA,NA,-0.0363280437886715,0.583608635853869,NA,NA,0.0798192992806435,0.289549472618952,0,1,NA,NA,NA,NA,NA,NA,NA,NA,0.0112445745617151,0.835858460718238,NA,NA,0.0871981978416443,0.15150956735437,0,0.476239307338938,NA,NA,NA,NA,0.0575258955359459,0.373930235865167,0,1
"DNMT3A_cna",-0.13828818500042,0.118080110924955,-1,0.0196388529435372,0.107225552201271,0.00080296813978098,0,0.0112979026448705,-0.111980020999908,0.121033335350763,0,0.491944596410946,8.40854845591821e-05,0.999019696576375,0,0.0535583199120864,0.0685317888855934,0.15360610845122,0,0.0992766819689562,-0.105786040425301,0.0777328072606553,0,0.0364731553925257,0.17618702352047,7.10052934760341e-06,0,3.68781666589232e-09,-0.0910044983029366,0.168980286876383,0,0.340261553953186,-0.00562468450516462,0.940600969227928,0,0.509133631346013,-0.0925159305334091,0.145488086675453,0,0.522770182629703,-0.0221136622130871,0.688081843660642,0,0.799627998382407,-0.0887446850538254,0.10133776601292,0,0.467024645919337,-0.0482013188302517,0.428503073790823,0,0.00324618621976323,0.068917490541935,0.168923095505874,0,0.129922608305059,-0.105918601155281,0.100928802176998,0,0.00767139169066387
"SOS1_cna",-0.119329027831554,0.177998444957363,-1,0.0246412519158758,0.15254919230938,1.72862205283231e-06,0,4.25171932680987e-05,-0.128852918744087,0.074114512911664,0,0.329379925361901,0.05142892152071,0.452075309375696,0,0.0121025916382351,0.0864243432879448,0.0717491503022814,0,0.0339170180278272,-0.105689436197281,0.0780059418112815,0,0.0364731553925257,0.167547300457954,1.97947510989227e-05,0,6.36483922691584e-09,-0.0985701158642769,0.136125186276159,0,0.365841333151479,-0.0148055758327246,0.844492675143905,0,0.701117551642295,-0.0515033192932606,0.418425112777746,0,0.579115683378261,-0.0147006241604686,0.789575193542587,0,0.784168909024114,-0.0682042315602303,0.208332073233128,0,0.587726565481284,-0.0546036548912525,0.369682270787949,0,0.00879963766264831,0.0551311783492565,0.271327906424951,0,0.129922608305059,-0.145536407828331,0.0238442115457476,0,0.00880248726551292
"CASP8_cna",0.153359398245811,0.082713554061931,0,0.010634402430089,0.120551645755768,0.000162449396186926,0,5.83245853310217e-05,-0.108673214912415,0.132481446313316,0,0.516979373774231,-0.0554135963320732,0.417763504170841,0,0.00808146736642413,0.045797448605299,0.340623924880893,0,0.0249624212028492,-0.159195631742477,0.00771798294099746,0,0.012810035239993,0.16154383122921,3.91881694921103e-05,0,2.50444831594796e-08,0.092278778553009,0.163067143969714,0,0.392345016525971,0.0811510384082794,0.281552123358159,0,0.422656476552507,-0.115014791488647,0.0700189921115908,0,0.30211503477049,0.000835230166558176,0.9879035584686,0,0.41517870177436,-0.0205508321523666,0.704910584826107,0,0.797288187700164,-0.0281684491783381,0.643709697907231,0,0.0115980442012496,0.0877593457698822,0.0795886544498057,0,0.129922608305059,-0.00760186091065407,0.906542491203921,0,0.289300432638299
"CASP8_mut",0.0474721565842628,0.593180099771268,NA,NA,0.0387372747063637,0.227104397910238,0,0.366368644772815,0.152658462524414,0.034051527714642,0,0.212807256702045,0.0919729396700859,0.178066099105106,0,1,NA,NA,NA,NA,0.158054083585739,0.00817354105226231,0,0.0435289798954997,NA,NA,NA,NA,-0.0602149777114391,0.363321087312541,0,1,0.160782158374786,0.0320363279964107,0,0.474549143449401,NA,NA,NA,NA,NA,NA,NA,NA,-0.00669314991682768,0.901848751262246,NA,NA,0.0730942115187645,0.229535290518486,0,0.432916979627099,NA,NA,NA,NA,0.18967080116272,0.00311602831315083,0,0.0737674569889411
"CTLA4_cna",0.219405114650726,0.0124816469381503,0,0.00560927762501317,0.108894325792789,0.000663474928340957,0,0.000109198731607496,-0.162445649504662,0.0240005582379021,0,0.105859627450656,-0.0554135963320732,0.417763504170841,0,0.00808146736642413,0.045797448605299,0.340623924880893,0,0.0249624212028492,-0.139308258891106,0.0199215673796296,0,0.0261256906052672,0.161367297172546,3.99686173147007e-05,0,3.86268470632736e-08,0.0959776341915131,0.146781507348248,0,0.355121917940577,0.0991535782814026,0.187905309205446,0,0.427269577441728,-0.0941488370299339,0.138483822291828,0,0.588705067141655,0.0137892914935946,0.802342113569037,0,0.446998437663346,-0.0199832394719124,0.712695279211975,0,0.797288187700164,-0.0493994764983654,0.417101240170957,0,0.000986035517881549,0.0877593457698822,0.0795886544498057,0,0.129922608305059,-0.00683813402429223,0.91589520276027,0,0.181409852070531
"DNER_cna",0.157867386937141,0.0739700517900321,1,0.268351491179801,0.0823712721467018,0.0101173322444916,0,0.00267137010839349,-0.182587787508965,0.0110373455112973,-1,0.161244118529764,-0.0301711689680815,0.65924828649499,0,0.00435995249358604,0.0486098565161228,0.31176770392659,0,0.041282705059362,-0.0924080163240433,0.123588375090318,0,0.174412867230901,0.144942194223404,0.000228861601299979,0,9.80497235781924e-05,0.110251851379871,0.0953095870728358,0,0.411112290507187,0.117298468947411,0.118920879019721,0,0.366167825664701,-0.182524248957634,0.00385231560785315,0,0.0437984563432511,0.0556979030370712,0.311623134528508,0,0.306806365537272,0.0267262794077396,0.622341884992929,0,0.697170217061229,-0.0131130795925856,0.829549235214188,0,0.000119039758079264,0.0690283253788948,0.16823724321072,0,0.359487122489154,-0.0574416667222977,0.374631379974458,0,0.284300682508621
"DNER_mut",0.0118680391460657,0.893807695458767,NA,NA,0.0316401459276676,0.323919492664719,0,1,NA,NA,NA,NA,0.0650301799178123,0.341499757661525,0,1,NA,NA,NA,NA,NA,NA,NA,NA,0.0265336167067289,0.502150896323614,NA,NA,NA,NA,NA,NA,-0.0168224275112152,0.823633794694179,NA,NA,NA,NA,NA,NA,NA,NA,NA,NA,-0.010261345654726,0.850033431752595,0,1,0.0724904611706734,0.233415868354402,0,1,NA,NA,NA,NA,0.107278943061829,0.0966016830633551,0,0.361798928839963
"PDCD1_cna",0.168670549988747,0.0560307413297014,1,0.0691045375740691,0.0535923577845097,0.0946000560006988,0,0.0014711479994032,-0.247385680675507,0.000523299340302152,-1,0.00697988802913455,-0.031763818114996,0.642476333346318,0,0.0257631221825253,0.089373767375946,0.0625463537414377,0,0.00197981739859449,-0.0932667627930641,0.120122981756823,0,0.0844520364399454,0.127218410372734,0.0012367049899713,0,0.000709892065299687,0.080399863421917,0.224500280427745,0,0.851222150668856,0.186837166547775,0.012518314049121,0,0.153892018191824,-0.191366940736771,0.00242455581137513,0,0.0495307965599436,0.0303589049726725,0.581492243032956,0,0.075911881914196,0.0116928014904261,0.829413763520409,0,0.460780937552061,-0.0475875325500965,0.434413104958296,0,0.0019453611514564,0.0690283253788948,0.16823724321072,0,0.359487122489154,-0.019218273460865,0.76660080562299,0,0.423392996549901
"SLC22A14_cna",-0.206436827778816,0.0189155181748233,0,0.0640859037590002,-0.077031321823597,0.016192175104357,0,0.138302221369347,-0.0379757806658745,0.600043170228874,0,0.508665418037242,-0.142324477434158,0.0365954110786006,0,0.0280969844525822,0.0700180605053902,0.144859761048011,0,0.000167733000941018,0.301350295543671,2.88655537250548e-07,1,5.02064083587666e-06,-0.608554482460022,0,-1,8.07004931377327e-44,0.00578769436106086,0.930435257603677,0,0.500961520947131,0.023396298289299,0.756569439774209,0,0.183970022445095,-0.115713238716125,0.0683239196652587,0,0.354283018161559,-0.0443856902420521,0.420189315931016,0,0.57419023337012,0.0330167785286903,0.542844127519757,0,0.228817706013097,0.0670162737369537,0.270718575663492,0,0.3509552623918,-0.0611787624657154,0.222127688457193,0,0.477289340269431,-0.0673456341028214,0.297767728813067,0,0.0179426018317226
"SLC22A14_mut",-0.0213624704629183,0.810100159727207,NA,NA,0.0389373302459717,0.224711812384049,0,1,NA,NA,NA,NA,NA,NA,NA,NA,NA,NA,NA,NA,NA,NA,NA,NA,NA,NA,NA,NA,NA,NA,NA,NA,NA,NA,NA,NA,NA,NA,NA,NA,NA,NA,NA,NA,0.0372265800833702,0.492613757241873,NA,NA,NA,NA,NA,NA,NA,NA,NA,NA,NA,NA,NA,NA
"PIK3CA_cna",-0.0173536613583565,0.845239550476677,0,0.363059800075229,0.0308563038706779,0.336056629367488,0,0.60530048019373,-0.150539770722389,0.0366444506272141,0,0.297567286160067,-0.142318114638329,0.0366038883286204,0,0.114633743528427,0.115285746753216,0.0161467232498684,0,0.00191410543960426,-0.0889956057071686,0.138130326333123,0,0.00178227502430459,-0.159252151846886,5.05397432151167e-05,0,0.00264772918955866,0.107984617352486,0.10235859854581,0,0.392277247976475,-0.130065590143204,0.0835545253633501,-1,0.0917315512198565,0.144242033362389,0.0228121366765388,0,0.0168644909816138,0.0089108208194375,0.871499794230349,0,0.854503089428704,0.111164137721062,0.0399146690939629,0,0.13423877331726,-0.0331182107329369,0.586556188366119,0,0.487495151558318,-0.021729227155447,0.664814510850346,0,1,-0.148210272192955,0.0213574268521106,0,0.00469517634171949
"CXCL9_cna",0.0844339430332184,0.341426111048311,0,0.10812019360967,0.0361476540565491,0.259720987521302,0,0.0764234722860667,0.0434333309531212,0.548667163811247,0,0.739136627938381,0.0593442246317863,0.385458503356015,0,0.125315204844137,0.0640521496534348,0.182387731212679,0,0.280539717423143,0.0456478856503963,0.447587694590905,0,0.112319586521339,-0.116275511682034,0.00317333832988842,0,4.53999297624849e-05,0.0837976038455963,0.20545667696866,0,0.422899410066902,0.0756739005446434,0.31540604256942,1,0.424954870219049,0.179747000336647,0.00443698272707627,1,0.00292069483132391,0.0202219411730766,0.713537595816324,0,0.0378156438780853,-0.0576026514172554,0.288125868437656,0,0.399007071530547,0.218444347381592,0.000283397771486005,1,8.4686960497822e-05,-0.0270877759903669,0.589087232642793,0,1,0.151126310229301,0.0189043488435434,0,0.252328705706359
"CXCL10_cna",0.0844339430332184,0.341426111048311,0,0.10812019360967,0.0361476540565491,0.259720987521302,0,0.0764234722860667,0.0434333309531212,0.548667163811247,0,0.739136627938381,0.0593442246317863,0.385458503356015,0,0.125315204844137,0.0640521496534348,0.182387731212679,0,0.280539717423143,0.0456478856503963,0.447587694590905,0,0.112319586521339,-0.116275511682034,0.00317333832988842,0,4.53999297624849e-05,0.0837976038455963,0.20545667696866,0,0.422899410066902,0.0756739005446434,0.31540604256942,1,0.424954870219049,0.180931493639946,0.0041784897358168,1,0.00292069483132391,0.0202219411730766,0.713537595816324,0,0.0378156438780853,-0.0576026514172554,0.288125868437656,0,0.399007071530547,0.218444347381592,0.000283397771486005,1,8.4686960497822e-05,-0.0270877759903669,0.589087232642793,0,1,0.151126310229301,0.0189043488435434,0,0.252328705706359
"CXCL11_cna",0.0844339430332184,0.341426111048311,0,0.10812019360967,0.0361476540565491,0.259720987521302,0,0.0764234722860667,0.0434333309531212,0.548667163811247,0,0.739136627938381,0.0593442246317863,0.385458503356015,0,0.125315204844137,0.0640521496534348,0.182387731212679,0,0.280539717423143,0.0456478856503963,0.447587694590905,0,0.112319586521339,-0.116275511682034,0.00317333832988842,0,4.53999297624849e-05,0.080708310008049,0.222721484207661,0,0.422899410066902,0.0756739005446434,0.31540604256942,1,0.424954870219049,0.180931493639946,0.0041784897358168,1,0.00292069483132391,0.0202219411730766,0.713537595816324,0,0.0378156438780853,-0.0576026514172554,0.288125868437656,0,0.399007071530547,0.218444347381592,0.000283397771486005,1,8.4686960497822e-05,-0.0270877759903669,0.589087232642793,0,1,0.151126310229301,0.0189043488435434,0,0.252328705706359
"TET2_cna",0.120674535632133,0.17312138379677,0,0.2358770829857,-0.0513766817748547,0.109064352541948,0,0.269699514737127,0.106663063168526,0.139836601588971,0,0.410075437865789,0.144863083958626,0.0333431106227713,0,0.100183489465756,0.131650537252426,0.00596194245576021,0,0.0178783770699577,0.0879685208201408,0.142754600951412,0,0.184775872454084,-0.127307146787643,0.0012269139791341,0,2.23048135725712e-05,0.0882739722728729,0.1821865684126,0,0.46653982264712,0.21328267455101,0.00425698254397133,0,0.0209280133319917,0.244459792971611,9.72321681840249e-05,0,0.000249958272145282,0.0306951999664307,0.57731217815462,0,0.735474868062693,-0.101704776287079,0.060266405950395,0,0.112399967908613,0.233024165034294,0.000104901022296655,1,3.96318906059142e-06,-0.0270877759903669,0.589087232642793,0,1,0.166607081890106,0.00956626432231489,0,0.147233383182811
"TET2_mut",0.0569665879011154,0.521367136089007,NA,NA,0.0689084082841873,0.0315271053483528,0,0.221069455067467,-0.0829026699066162,0.251706910813307,0,1,0.00687991874292493,0.919924981365317,0,0.367879441171442,NA,NA,NA,NA,0.0342884361743927,0.568456448192279,NA,NA,-0.00482615316286683,0.902862494251513,0,1,NA,NA,NA,NA,-0.0504672825336456,0.503495280664202,NA,NA,NA,NA,NA,NA,NA,NA,NA,NA,NA,NA,NA,NA,0.115355141460896,0.0574237004909013,0,0.215706932519772,NA,NA,NA,NA,0.124293856322765,0.0539788250195261,0,0.361798928839963
"IL2_cna",0.219942823052406,0.0122623522788787,0,0.0601121160688347,-0.0483041405677795,0.131947536855475,0,0.433773674234919,0.128248557448387,0.0754927046507101,0,0.423977292416393,0.149958491325378,0.0275512219515903,0,0.113923580733308,0.107745699584484,0.0246212163176949,0,0.0571351691712602,0.123607978224754,0.0390831871168875,0,0.154150280451331,-0.132522463798523,0.000762305536364138,0,1.76855799456829e-05,0.0918160676956177,0.165196110383037,0,0.478070767600691,0.179313465952873,0.0166235629907647,0,0.0778090495105519,0.230756044387817,0.000240061247048118,0,0.000760942789523901,0.0439158566296101,0.425130593745801,0,0.402916145323671,-0.0915690958499908,0.090881990586186,0,0.239588160751987,0.189959079027176,0.00164863665931314,1,2.8795698119053e-05,-0.0270877759903669,0.589087232642793,0,1,0.12194512784481,0.0587157504172722,0,0.2443286767927
"IRF1_cna",0.0878545269370079,0.322154968889203,1,0.00376604172568994,-0.088021844625473,0.00597991270139753,0,0.0191044688273213,0.101641871035099,0.159567838009813,0,0.250852734776985,0.0825869217514992,0.226740436808319,0,0.526679490477646,0.0720082595944405,0.133749921808548,0,0.0262750730837473,0.330949068069458,1.48303966884811e-08,1,2.77871317402208e-08,0.414022594690323,0,1,9.33626145228976e-18,-0.0364790000021458,0.582044754787017,0,0.318749189077764,0.112426601350307,0.13514126750131,0,0.340380755873332,0.106025092303753,0.0950504365321412,1,0.474053772223757,-0.0709595903754234,0.197156546387974,0,0.506909821791179,0.0654993578791618,0.226986299432426,0,0.52036548841687,0.228734731674194,0.000141466185844763,0.5,0.000189852660650295,-0.145898029208183,0.00345018178232692,0,0.0336869999282408,0.102224357426167,0.113456287069328,0,0.21609266867968
"HAVCR2_cna",0.126148268580437,0.154295819563105,1,0.0116397032227252,-0.08381587266922,0.00886922044085914,0,0.0334221635682196,0.0659099444746971,0.362457258437449,0,0.200764754552393,0.123116865754128,0.0709467869197842,0,0.410813842396519,0.04983289539814,0.299735278333603,0,0.054235570221774,0.352892398834229,1.32599331514882e-09,1,3.56400490034975e-09,0.420591354370117,0,1,1.98446478676332e-19,-0.0835077613592148,0.207034174752492,0,0.139767427795805,0.120434954762459,0.109306847856335,0,0.297338174259302,0.0138150127604604,0.828277956843511,0,0.626601217413524,-0.0351888164877892,0.522855181484167,0,0.493634622711729,0.062555804848671,0.248600827237519,0,0.457045918713439,0.156887084245682,0.00955307443201225,0,0.000215684989542918,-0.143951922655106,0.00391327627340221,0,0.0336869999282408,0.101713947951794,0.115278911429177,0,0.122728856234747
"TAP1_cna",0.114505037665367,0.196314519978488,0,0.0199043532117266,0.0366330221295357,0.253373277323762,0,0.424055800509875,0.100209578871727,0.165562170797946,0,0.31419349183798,0.00942847412079573,0.890423211170237,0,0.809597679117521,-0.0738722160458565,0.123951689831071,0,0.0030864547580067,0.0201271641999483,0.737840468154042,0,0.174590265356117,0.166134729981422,2.32958196408894e-05,0,0.000510006061735779,-0.0433729775249958,0.512784586035255,0,0.538722818558375,-0.0865873768925667,0.250456757649551,0,0.352227409992711,-0.0154890809208155,0.807851748222224,0,0.0962903311663326,-0.0425454825162888,0.439734460022493,0,0.625980220405348,-0.0320573858916759,0.554636752576407,0,0.414876277840662,-0.0898513570427895,0.139398902471241,0,0.00403187363948072,-0.0206971578299999,0.679832337290654,0,1,-0.0792761370539665,0.220112562192557,0,0.275990273579923
"TAP1_mut",0.0356041193008423,0.688732265395683,NA,NA,NA,NA,NA,NA,0.0595862902700901,0.410420718259107,NA,NA,-0.00695281662046909,0.919079406119527,0,0.367879441171442,NA,NA,NA,NA,-0.0312763527035713,0.602924218571941,NA,NA,NA,NA,NA,NA,NA,NA,NA,NA,NA,NA,NA,NA,NA,NA,NA,NA,NA,NA,NA,NA,-0.00685644801706076,0.899466583357651,NA,NA,0.0543396845459938,0.372004166973297,0,0.390467377758104,NA,NA,NA,NA,0.118698097765446,0.065824282310549,0,0.361798928839963
"IFNGR1_cna",0.122060798108578,0.168200570878666,1,0.013515852440219,0.0840080827474594,0.008713951951836,0,0.016673716180383,-0.0307229068130255,0.671460954073051,0,0.92860290589318,0.00481686647981405,0.943888965001357,0,0.910081882348637,-0.170671701431274,0.000349336495021557,0,0.00185404951348743,0.00294734421186149,0.96091177429939,0,0.366385045554834,0.0601439513266087,0.127929154508096,0,0.259978719506598,0.177250012755394,0.00704192673753257,1,0.11420007648288,-0.0858260989189148,0.254661911751945,0,0.545370187497515,-0.0431876890361309,0.497532198952769,0,0.231846928894515,-0.0666169673204422,0.226054095470719,0,0.638416964105219,-0.0151972463354468,0.779451742160958,0,0.909024118488421,-0.0460785776376724,0.449139931037284,0,0.00901355329723777,-0.0213469229638577,0.670362272807467,0,0.367879441171442,0.0174301154911518,0.787774406873238,0,0.0442336694206017
"IFNGR1_mut",0.142416477203369,0.107394807871789,0,1,0.0330083668231964,0.303425726939427,0,1,0.00261118868365884,0.971250302075782,0,1,NA,NA,NA,NA,NA,NA,NA,NA,0.162241473793983,0.00661125357801362,0,0.243099419827781,NA,NA,NA,NA,0.0711631551384926,0.282497565919674,0,1,NA,NA,NA,NA,NA,NA,NA,NA,NA,NA,NA,NA,-0.000274257938144729,0.995968027579718,NA,NA,0.0700145959854126,0.249812365568994,0,1,NA,NA,NA,NA,0.103877253830433,0.10770842171162,0,1
"MUC17_cna",-0.232123270630836,0.00812071754414245,-1,0.0431189202056552,0.0270842667669058,0.3984785429391,0,0.901107721202005,0.0223868396133184,0.757301503053163,0,0.797411231756371,-0.14286033809185,0.0358874113753855,0,0.0406407071862491,0.356574326753616,1.73194791841524e-14,1,6.37034972870459e-12,-0.0652701109647751,0.277262210479033,0,0.0049090554226291,-0.143487751483917,0.000264847795516054,-1,0.00211574652235953,-0.0167707446962595,0.800289098540254,0,0.465899001873508,-0.0421530790627003,0.576381204697896,0,0.557714548322769,-0.0199621710926294,0.753943355439734,0,0.843314887845307,0.00995819456875324,0.856550405635315,0,0.735758882342885,0.0670034438371658,0.216472051379248,0,0.682501855867221,-0.0402282252907753,0.50882208923501,0,0.00152477043651874,-0.134995982050896,0.00685396402457905,0,0.036968735521416,-0.000871785450726748,0.989258094941054,0,0.608466383022759
"MUC17_mut",-0.0213624704629183,0.810100159727207,NA,NA,0.0596032217144966,0.0629676373848727,0,0.246755391005199,0.0974351614713669,0.177649034092022,0,0.360294569561405,0.11101670563221,0.103700576501599,0,1,NA,NA,NA,NA,-0.0675218477845192,0.260988836582528,0,1,0.0257603507488966,0.514694956407693,0,1,0.0671269968152046,0.310760090169972,0,1,-0.0496882498264313,0.510113817515195,0,1,0.120806030929089,0.056952803086987,0,0.475977914695007,NA,NA,NA,NA,0.13786156475544,0.0106992345059793,0,0.383487047855659,-0.12660177052021,0.0369100385714414,0,0.476239307338938,NA,NA,NA,NA,0.0732196867465973,0.257514233024958,0,0.361798928839963
"MET_cna",-0.206294342875481,0.0189997489015297,0,0.0661059988507458,0.0368972159922123,0.249963821232608,0,0.894656668260011,-0.0161667242646217,0.823418056898868,0,0.590549245899777,-0.172712460160255,0.0109982927127126,-1,0.0349387567486043,0.360810458660126,7.99360577730113e-15,1,5.0681000409365e-12,-0.00531996507197618,0.929508995999262,0,0.0162720829855036,-0.141743391752243,0.000314977117261694,-1,0.00267941174189286,0.01113838609308,0.866577896462861,0,0.200888206420598,0.0244629941880703,0.745842527166034,1,0.126030533367442,-0.108946397900581,0.0862343388254929,-1,0.380201393718746,-0.00567097961902618,0.918009579802703,0,0.548350901552398,0.0757600143551826,0.162134510444658,0.5,0.739579377287277,0.0288121066987514,0.636148042343533,0,0.000336319790791162,-0.119796730577946,0.0165265463558186,0,0.037140190368393,0.0688824504613876,0.286853723658797,0,0.265097174915303
"IDO1_cna",-0.0255664996802807,0.773652749860925,0,0.561817741552362,-0.0782270133495331,0.0146064443754179,0,0.053565131965196,-0.0564607121050358,0.435447208313401,0,0.619822781357827,-0.072073794901371,0.291658742772605,0,0.032496591571158,-0.0566868372261524,0.238061979529009,0,0.00188112360900022,0.0330057628452778,0.58301957235708,0,0.296456640573243,-0.193710461258888,7.59353061319246e-07,0,5.88318267553816e-05,-0.149324357509613,0.023513218085518,0,0.459129690295621,-0.0731448158621788,0.331897619056562,0,0.203412644100854,-0.00160711957141757,0.9798696484808,0,0.471429243599843,0.108031950891018,0.0492095847591369,0,0.503025197782968,0.0674347430467606,0.213522499455767,0,0.560631591073967,0.186310216784477,0.00203130185150613,0,0.00261623454007511,-0.0267778020352125,0.593358292412269,0,0.218091050707612,-0.104090102016926,0.106985209167168,0,0.392107002922589
"JAK2_cna",0.13173234462738,0.136718736249933,0,0.31403220538014,0.0366889275610447,0.252649126748763,0,0.781073871932983,0.163342475891113,0.0232226961023585,0,0.0778010152634639,-0.0184822548180819,0.787099104526856,0,0.252173534414564,-0.0151941562071443,0.751998212378593,0,0.000302370342109202,0.418834328651428,2.8155255904494e-13,1,3.33871327874698e-10,-0.110612727701664,0.0050187663046195,0,0.0162278420900392,0.0314449220895767,0.635211182980141,1,0.327718692242841,0.196063488721848,0.00871870891035265,0,0.198485428613002,0.0602236427366734,0.34394936965079,1,0.0761603160689401,0.030374763533473,0.581294808830652,0,0.240661885209616,0.00677706534042954,0.900624494519456,0,0.711265488086269,0.183047369122505,0.00244037253390372,1,0.000166911133166224,0.0682407766580582,0.173156033578026,0,0.0772840497347616,0.0829857438802719,0.199210999894152,0,0.195915245109529
"CD274_cna",0.140141814947128,0.113184628848854,0,0.379614927584244,0.0403646156191826,0.208162740875919,0,0.812118764446954,0.188432440161705,0.00868187549404542,0,0.0124664681520851,-0.00682225218042731,0.92059394548569,0,0.137569017929643,-0.0310560036450624,0.518268729073188,0,0.000161723658333712,0.41929766535759,2.63344901441087e-13,1,3.20316345935665e-10,-0.109464623034,0.00549431552745028,0,0.0183379368967373,0.028869641944766,0.663174054308614,1,0.327718692242841,0.203603386878967,0.00641297362561044,0,0.35571871798667,0.0767392292618752,0.227581739377146,1,0.0502576225832254,0.0295939389616251,0.591052680936184,0,0.240661885209616,0.0124217411503196,0.818957469558239,0,0.444350066343365,0.200719580054283,0.000871425934288572,1,9.40392972892281e-05,0.0898990035057068,0.0724958907723265,0,0.0562318334297956,0.0829857438802719,0.199210999894152,0,0.195915245109529
"COL5A1_cna",0.145332679152489,0.100314149712439,0,0.141283149846528,0.000168295635376126,0.99581464445499,0,0.909133828300723,0.11089251935482,0.124710272109834,0,0.0257754360070352,0.0522511601448059,0.444868297475,0,0.448827668229529,0.00518691819161177,0.914097860690076,0,0.366500336118684,0.0606657527387142,0.312639622783258,0,0.152750967168908,-0.100294224917889,0.0110003264554299,0,0.089646666969244,0.0817469879984856,0.216805238746889,0,0.434647560312239,0.134751304984093,0.0729203690041209,1,0.40948710725338,-0.00967824272811413,0.879222263357694,0,0.390231982628843,0.0666335597634315,0.22593824035597,0,0.106753622032747,-0.0427006334066391,0.431199252002505,0,0.78442311147533,-0.0397283732891083,0.51410623047105,0,0.0045378507675705,0.0890137776732445,0.075365179704459,0,0.152574343996104,0.0980839878320694,0.128908574629747,0,0.0681618618857766
"ARID5B_cna",0.205555334687233,0.0194418359136843,0,0.0258034674407765,0.0228637754917145,0.476011718106027,0,0.598016171585604,0.0548603907227516,0.448591766501881,0,0.636519608856297,0.101112172007561,0.138549210704582,0,0.0116721519378897,-0.577368319034576,0,-1,4.54508357812029e-26,0.0375557653605938,0.532162018420894,0,0.0149390874035981,0.110118165612221,0.00521886725529397,0,0.0311261472011871,0.080778181552887,0.222319934538524,0,0.643676221751883,0.113288052380085,0.132156019175161,1,0.115291022599107,0.0944447368383408,0.137242682793127,0,0.470041537498692,-0.0468177162110806,0.395153674709398,0,0.405033090148858,-0.0494637973606586,0.361792240586097,0,0.567534788797208,0.0195157919079065,0.748656848829407,0,0.000668774904728782,-0.0219968240708113,0.660942139573706,0,0.390843196949139,-0.02945327013731,0.649138597651543,0,0.870392184457597
"OVOL1_cna",-0.00208715558983386,0.981271524253156,0,0.15313308846527,0.0344465859234333,0.282831283571875,0,0.459749108603536,-0.0121131557971239,0.867217165462551,0,0.938481567537517,0.0226157438009977,0.741025347270574,0,0.100386917449111,-0.201581031084061,2.27771674037314e-05,0,0.000196368377493366,-0.0697769373655319,0.245362021839121,0,0.143122503867948,0.0229999832808971,0.560763129247951,0,0.101587424292964,0.016665393486619,0.801517534768973,0,0.666520236153076,0.0467662066221237,0.535335149463426,0,0.445712654025518,0.072640061378479,0.253461275062517,0,0.401002632538215,-0.0191251095384359,0.728445933405612,0,0.520240643694826,-0.0630101263523102,0.24517434830305,0,0.369056312533258,0.0306561142206192,0.614694672721912,0,0.0354458693179235,-0.00888655800372362,0.85936822341976,0,0.0769882424607455,-0.0667946040630341,0.301747266143168,0,0.0694107011632435
"LAG3_cna",-0.0337236002087593,0.704386191320799,0,0.361854093369084,-0.00782521720975637,0.807302753175513,0,0.114994300067685,-0.0494877956807613,0.494316680031194,0,0.720116520535046,0.00734300632029772,0.914554988355247,0,0.888923267112894,-0.0588421858847141,0.220657639556868,0,0.0162188638569186,-0.126829475164413,0.0342159744705082,-0.5,0.00497104159375965,-0.089197114109993,0.0238117178377832,0,0.181006948643788,-0.0151048628613353,0.819769477556017,0,0.255937534917375,0.0130951264873147,0.862268384579651,0,0.516492226737925,-0.102239601314068,0.107525397458684,0,0.56362744437035,-0.0349337048828602,0.525875054548344,0,0.930235897722481,-0.0613798089325428,0.257624546345962,0,0.749097386539415,0.0473915636539459,0.436309867403629,0,0.00678523941626263,-0.0927685499191284,0.0638016413516329,0,0.123796774283609,0.0441531501710415,0.495105980993297,0,0.534804376703944
"ARID2_cna",-0.054772112518549,0.537564842062415,0,0.398280213904598,-0.0865391939878464,0.00688404056626135,0,0.122490097690501,0.00763490609824657,0.916074270821842,0,0.336590275206564,0.0449499525129795,0.511100130940667,0,0.794292871221278,0.00646270997822285,0.893083067492905,0,0.0102094964331336,0.0181504860520363,0.76277659337377,0,0.00392012233872517,-0.0885632559657097,0.024830552188575,0,0.05806214967523,0.0100439516827464,0.87958291654154,0,0.606004196543403,-0.00408648792654276,0.956826282853142,0,0.879346230909148,-0.13272650539875,0.0363384648662812,0,0.0890955848448259,-0.0701138377189636,0.20256232451203,0,0.627787484066932,-0.0104785021394491,0.846898416564495,0,0.928294814428251,0.079765222966671,0.189670645084114,0,0.136431716166603,-0.0908737629652023,0.0694401154984308,0,0.123796774283609,0.0283882580697536,0.661022864330631,0,0.741570906959155
"ARID2_mut",0.181963995099068,0.0390309147888046,0,0.356560980663947,0.068960577249527,0.031398349043456,0,0.47859741739076,0.060881644487381,0.400302530416587,NA,NA,0.059923741966486,0.380827203144701,0,0.222070161385892,-0.0376052893698215,0.434014509305717,0,1,0.0749587118625641,0.211960421798203,0,0.362586303782726,-0.0527171865105629,0.182184869273881,0,0.365587364863763,-0.106986582279205,0.105589389864651,0,0.22929926999962,0.110442899167538,0.142211721822633,0,1,NA,NA,NA,NA,-0.00162458536215127,0.976474010430908,0,1,0.00318427826277912,0.953213216880333,0,0.708363758882003,0.0804387703537941,0.185946854827707,0,0.424873569975669,0.0782569199800491,0.118137873777671,0,1,0.124408803880215,0.0537553811852158,0,0.61117008330691
"IFNG_cna",-0.123569697141647,0.162963206419927,0,0.173901279665765,-0.0429264158010483,0.180705468381865,0,0.684210389216236,0.0173689946532249,0.810525321847364,0,0.21107208779109,0.034994512796402,0.609011764923708,0,0.93308024972743,0.00178470066748559,0.970392666830432,0,0.00812531864254317,-0.0360116623342037,0.549168110159436,0,0.0234023884324001,-0.0934578254818916,0.0178565523632823,0,0.0822274571331243,0.0342300198972225,0.605542295376992,0,0.499278974029855,0.0196989271789789,0.794100076378528,0,0.949623545602343,-0.122327208518982,0.053876990378606,0,0.00844239589516144,0.0208561755716801,0.70496596933493,0,0.799583199875294,-0.0435672104358673,0.421899250081524,0,0.725771202781803,0.0599151328206062,0.324879725029577,0,0.0901017301902104,-0.0862614959478378,0.0848806092061063,0,0.123796774283609,0.0783256441354752,0.225711039491637,0,0.580602268410523
"TCP11L2_cna",-0.125373646616936,0.156862382712509,0,0.13778666587133,-0.0864180773496628,0.00696305713126555,0,0.0881511440981519,0.0686140283942223,0.343056999634575,0,0.381569778837931,0.0449659414589405,0.510949706602132,0,0.631778625455626,0.0346953682601452,0.470439306074395,0,0.00511249482387629,0.00205551041290164,0.972733865658279,0,0.003698412654382,-0.0911581218242645,0.0208854413901542,0,0.145927509520229,0.0387831553816795,0.558419116062841,0,0.830667308640858,-0.0213515963405371,0.777260298114505,0,0.971328157892922,-0.139375507831573,0.0278789177958938,0,0.00293774758711964,-0.01724623888731,0.754220246461477,0,0.715776136409918,-0.0197649002075195,0.715697870970027,0,0.765949420772089,0.108444571495056,0.0741727430257786,0,0.0940775004400739,-0.0862614959478378,0.0848806092061063,0,0.123796774283609,0.0378054566681385,0.55918264227752,0,0.381605045893539
"TCP11L2_mut",-0.0925707072019577,0.296758550375164,0,1,0.0183915626257658,0.566446184931977,0,1,NA,NA,NA,NA,0.0317836292088032,0.642268818666778,0,1,NA,NA,NA,NA,-0.0826589316129684,0.168563279781398,0,1,-0.0553050078451633,0.161620175312223,0,1,NA,NA,NA,NA,NA,NA,NA,NA,NA,NA,NA,NA,NA,NA,NA,NA,-0.0167297329753637,0.757872424963089,NA,NA,NA,NA,NA,NA,NA,NA,NA,NA,0.137445867061615,0.0329434012750016,0,0.214850009176397
"B2M_cna",0.0373955555260181,0.673941293642306,0,0.732686920336295,-0.0195167753845453,0.542939250888471,0,0.668463896613032,0.0583064407110214,0.420564349220327,0,0.748194427379397,0.0989616811275482,0.147182662435402,0,0.0212626250260991,-0.125156998634338,0.00897178196935511,0,0.000569767675076995,0.0269301477819681,0.654236990597127,0,0.0369320940476784,-0.0702940076589584,0.0751052694192491,0,0.00780914585619169,-0.188697680830956,0.00407888367865361,-1,0.00972692762726139,-0.0511329844594002,0.497875413186137,0,0.775407663824743,-0.00780765200033784,0.902436035769659,0,0.0953491931908872,0.0065474328584969,0.905393223190872,0,0.668150056665998,0.0296462383121252,0.584813046623707,0,0.329950114150824,0.0708191320300102,0.244398788317606,0,0.0256863921220458,0.0293079242110252,0.558917823743996,0,1,0.217030927538872,0.000693257892662835,0,0.00766361645860182
"TP53_cna",0.185114204883575,0.0357098453541171,1,8.64674185824713e-05,-0.089093379676342,0.00539456490069634,0,0.00858210007298234,-0.0150208994746208,0.83574970828946,0,0.699311438802005,0.1896693110466,0.00516089381091422,1,0.286673891224035,-0.137466624379158,0.00407247498083407,0,0.0109995468928748,0.0481096282601357,0.423452970641593,0,0.0866946660280282,-0.0649173930287361,0.100302897374696,0,1.44648019097522e-24,-0.136386647820473,0.0387526371901403,0,0.0455525402297697,0.0203353483229876,0.787603560246619,0,0.539790194379981,-0.0927758812904358,0.144355345936074,0,0.444352779423137,-0.0112681100144982,0.837926173017493,0,0.718479454975393,-0.086469404399395,0.110436086648345,0,0.215892620663281,0.29345029592514,8.38013011872363e-07,1,5.57517948029393e-06,-0.0963750034570694,0.054110218091922,0,0.00872298124781709,0.161306157708168,0.0121565065735001,0,0.0472230308707691
"TP53_mut",0.124361678957939,0.160263359191883,0,0.109813673857884,0.0684075951576233,0.0327863174726697,0,0.187914976071956,-0.121763288974762,0.0916257507323506,0,1,0.063569612801075,0.35247550221393,0,0.231022391164179,-0.0785079300403595,0.102001686510334,0,0.430944348231847,-0.111433133482933,0.0630644538901675,0,0.0308305828671468,-0.172039449214935,1.16886955545681e-05,0,0.016029226789603,0.0385692045092583,0.560593224314996,0,0.842038261499517,0.0137745114043355,0.855199129545504,0,0.362586303782726,-0.0185978189110756,0.770273441207349,0,0.884782175981407,-0.0446426756680012,0.417500850015133,0,0.507117602001126,-0.02173912525177,0.688712894539126,0,0.715330021207148,-0.132576674222946,0.0288083167638669,0,0.179469075051039,-0.0362613499164581,0.469559925312388,0,1,-0.0351251140236855,0.587390875836707,0,0.172992938280645
"TMEM88_cna",0.216400340199471,0.0137713650680873,1,9.58850839371621e-05,-0.0992944687604904,0.00191848703529018,0,0.00190128460560083,-0.0150208994746208,0.83574970828946,0,0.699311438802005,0.182923898100853,0.00702611086482618,1,0.162099612418512,-0.121346458792686,0.0113102116421349,0,0.0278191199115419,0.0294677261263132,0.624059794449975,0,0.045745063972403,-0.0649173930287361,0.100302897374696,0,1.44648019097522e-24,-0.136386647820473,0.0387526371901403,0,0.0455525402297697,0.0203353483229876,0.787603560246619,0,0.539790194379981,-0.088243342936039,0.165088496687923,0,0.712349735457403,0.00896297302097082,0.870754286976837,0,0.523583253852459,-0.086246944963932,0.111359070465847,0,0.200068642535563,0.28846463561058,1.30610438286993e-06,1,9.97247342368739e-07,-0.0963750034570694,0.054110218091922,0,0.00872298124781709,0.161306157708168,0.0121565065735001,0,0.0472230308707691
"MYOCD_cna",0.196185171604156,0.0258640247232171,1,0.000183844099369315,-0.0550652518868446,0.085864771137163,0,0.00246501060706474,0.0238951295614243,0.741511483451782,0,0.9232057566579,0.210282772779465,0.0018874145368053,1,0.197361011129251,-0.103738501667976,0.0305218057699572,0,0.0327243632784289,0.0228850916028023,0.703507439277103,0,0.0080009137019064,-0.0709612220525742,0.0723741889552743,0,1.41966159832478e-24,-0.0664620324969292,0.315588343583133,0,0.36125747486766,-0.00658841198310256,0.930447326817923,0,0.695927465807887,-0.0369391106069088,0.561810469182548,0,0.532721210947969,0.108645424246788,0.04792800227498,0,0.20500741637641,-0.0962733998894691,0.0754003884057783,0,0.154153473247512,0.262266963720322,1.17350964119467e-05,1,9.86996178181614e-06,-0.135146841406822,0.00679132244140046,0,0.00872298124781709,0.135688588023186,0.0352697546971479,0,0.0530531314136449
"MYOCD_mut",-0.142416477203369,0.107394807871789,0,1,-0.034820731729269,0.277632531677823,0,1,NA,NA,NA,NA,0.0142749175429344,0.834767644909235,0,1,NA,NA,NA,NA,0.0409571267664433,0.495660515084014,NA,NA,NA,NA,NA,NA,NA,NA,NA,NA,0.0855749621987343,0.256059762570904,0,1,NA,NA,NA,NA,NA,NA,NA,NA,0.0342458039522171,0.527921233741086,0,1,0.115766912698746,0.0565335171328729,0,0.127869410215738,NA,NA,NA,NA,0.137414246797562,0.0329840787743354,0,0.361798928839963
"NCOR1_cna",0.16794428229332,0.0571123858998577,1,0.000766068426475802,-0.0504772141575813,0.115412856208436,0,0.00253461864092199,0.0334874950349331,0.643844161735506,0,0.750721026765756,0.196278780698776,0.00377731027048012,1,0.267281055414005,-0.1076964661479,0.0246872606322235,0,0.0327243632784289,-0.0238155517727137,0.69205457545624,0,0.00860362167537941,-0.0728453770279884,0.0650972151962941,0,9.17933535909236e-26,-0.0396780520677567,0.549369815119477,-1,0.53526142851899,-0.0435050465166569,0.564200551532805,0,0.843795366803176,-0.0363350622355938,0.568229376388643,0,0.518936748021267,0.0946343094110489,0.085127225768963,0,0.0505724873911766,-0.0964018255472183,0.0750098622598465,0,0.197611325416032,0.225256562232971,0.000179550570388542,1,2.66748685065931e-05,-0.135146841406822,0.00679132244140046,0,0.00872298124781709,0.1396644115448,0.0301939609911033,0,0.0583263732744179
"NCOR1_mut",0.087898887693882,0.321909745157861,0,1,0.0128245009109378,0.68934656578377,0,0.6058952164395,-0.101037628948689,0.162076501698608,0,1,0.101193308830261,0.138231227148524,0,0.475383992191762,NA,NA,NA,NA,0.046914529055357,0.435073749337139,NA,NA,-0.0599936805665493,0.128886222289661,0,1,-0.00248822220601141,0.970062248568413,NA,NA,0.142269775271416,0.0581731958128231,0,0.474549143449401,NA,NA,NA,NA,-0.0808713883161545,0.141453837973937,0,1,0.00955598708242178,0.860232505200949,0,0.367879441171442,0.101767659187317,0.0939308837872304,0,0.362429475799106,NA,NA,NA,NA,0.176396548748016,0.00603751415005194,0,0.214850009176397
"NF1_cna",-0.214220955967903,0.0147781653244778,-1,0.000410233467403054,-0.140265345573425,1.11461233252008e-05,0,0.00214680734708899,-0.0461796373128891,0.523655423601067,0,0.709739595689125,0.0470419302582741,0.491615560901376,0,0.0293002181972209,-0.0730262994766235,0.12832691285735,0,0.00809466161325863,-0.0985091403126717,0.100582554930754,0,0.0272728560844962,-0.141321927309036,0.000328352688840017,0,6.0709739063271e-26,-0.0686579346656799,0.299829104523784,0,0.535932219651974,-0.183442667126656,0.014245063224001,0,0.0325017808886471,-0.0186689328402281,0.769419694856481,0,0.755789094461077,0.179810330271721,0.000999012545918054,0,0.030331297952102,-0.0190889425575733,0.725021222397831,0,0.52653776316842,-0.132513761520386,0.0288849609687447,0,0.00473862542979261,-0.174402132630348,0.000458295442267609,0,0.00517892437059775,0.0745735615491867,0.248795247663419,0,0.0516097706763799
"NF1_mut",-0.00970645435154438,0.913064763310572,0,1,0.057245060801506,0.0741430053308192,0,0.565488446200985,0.0594719015061855,0.41132141049566,0,1,-0.0604664199054241,0.376521219663463,0,1,0.120113082230091,0.0121749995281546,0,0.168874974115576,0.0364890769124031,0.543881712360258,NA,NA,0.0011569382622838,0.976659574025321,0,1,0.0346418879926205,0.601207593647779,0,0.642279876114292,-0.00334922969341278,0.964609786982328,0,1,-0.0151686426252127,0.811751981787328,0,0.367879441171442,NA,NA,NA,NA,-0.0365713201463223,0.500265732578352,0,0.704944130674878,0.0690389648079872,0.256488259290471,0,0.424873569975669,0.0570126585662365,0.255283264266089,0,1,0.0541293025016785,0.402841428099111,0,0.603987557954683
"ALPK2_cna",0.0362113006412983,0.683705548421057,0,0.416150581331083,-0.0441334769129753,0.16874041392054,0,0.406605638163449,0.0870854780077934,0.228488993227071,0,0.331816025680386,0.298783510923386,7.88760342373962e-06,1,0.00255563943378861,-0.00598569819703698,0.900932437307369,0,0.12727493309388,0.273593455553055,3.51469436821183e-06,1,1.91530975726172e-06,-0.0728809610009193,0.0649658013213428,0,0.00679257373063396,-0.0788872465491295,0.233369463702163,-1,0.0930349120290947,-0.0728313997387886,0.333979133568628,0,0.729520576446425,0.0940498039126396,0.138901126585038,0,0.167009961823661,-0.0526918023824692,0.338499466198074,0,0.576008476623444,0.0252337213605642,0.641917928078061,0,0.673870309268208,0.153496578335762,0.0112475633798053,1,0.0411062681420448,-0.026403646916151,0.598532422996843,0,0.359487122489154,-0.0184218231588602,0.776011235729821,0,0.428305174771995
"LPAR2_cna",0.0198007058352232,0.823749037370165,0,0.0114912958415889,0.0404321327805519,0.207402351402147,0,0.190029234251333,0.0207849536091089,0.774181968713453,0,0.80031941607924,-0.0800986066460609,0.241093468337156,0,0.00132471264495645,0.0548630952835083,0.253525418106156,0,0.0237940699401325,0.0563836731016636,0.348084374906356,0,0.76211343542307,-0.0163845214992762,0.678606682912771,0,0.00358916092352827,0.079969733953476,0.226997619912202,1,0.0924331461017965,0.0750062614679337,0.319706806376453,0,0.3437516338065,-0.084917239844799,0.181666057366412,0,0.343184316975752,-0.00194651016499847,0.971813915448715,0,0.746781644467602,-0.0309598948806524,0.56827797037443,0,0.21036708986332,0.16943047940731,0.00508286625117416,0,0.00691858033525602,-0.0710606947541237,0.156027328843473,0,0.218039961561543,-0.104203678667545,0.10660086748069,0,0.106722350475485
"TGFB1_cna",-0.0268871542066336,0.762300140036535,-1,0.0777589295218672,0.0498673990368843,0.119879517259777,0,0.763452444315272,0.0796265602111816,0.270996622971982,0,0.651439057531056,-0.174166351556778,0.0103327646866727,0,4.91014379514832e-05,0.30214712023735,1.23760113268645e-10,0,4.50863647807886e-08,0.124931536614895,0.0370169476753135,0,0.0825178592790541,0.0252292491495609,0.523403749340913,0,0.00492564485144149,0.148041576147079,0.0247478908034442,0,0.472728913915174,0.0857281610369682,0.255206416037081,0,0.303392045775091,0.0699918568134308,0.271225194411349,0,0.220809611772865,-0.0961964130401611,0.0800782322179723,0,0.472366552741015,0.0191128980368376,0.724690104946298,0,0.220945653899932,0.205118745565414,0.000665073138328642,0,0.00137356809078545,-0.0911211371421814,0.068681618425968,0,0.244643139402873,0.0585693046450615,0.36531163528424,0,0.0130968358596052
"CIC_cna",-0.0238449685275555,0.788523163005192,-1,0.0777589295218672,0.0339133553206921,0.290353698313266,0,0.8198185457984,0.044526219367981,0.538644050852206,0,0.619558720920935,-0.173529744148254,0.0106196660503661,0,4.91014379514832e-05,0.325333416461945,3.50164341966774e-12,0,2.64681793286493e-09,0.101525522768497,0.0905367450173555,0,0.126211818852651,0.0243572052568197,0.537865009615079,0,0.00492564485144149,0.163795173168182,0.0128693514694593,0,0.236757955017116,0.103344194591045,0.16983067917282,0,0.206352976928569,0.0110885547474027,0.861787365477158,0,0.36866505975181,-0.0523374564945698,0.341762357574344,0,0.81737715860741,0.0327726341784,0.545833258079187,0,0.234606839627641,0.171053677797318,0.00466970799285282,0,0.00798794320980196,-0.0911211371421814,0.068681618425968,0,0.244643139402873,0.0644645765423775,0.318961983325891,0,0.0130968358596052
"CSNK2A1_cna",0.18401700258255,0.0368384508869615,1,0.332475014187871,-0.0141616351902485,0.658905577417963,0,0.92904008038813,-0.0530025511980057,0.464127997756959,0,0.323089933894942,-0.0786265060305595,0.249877906571298,-1,0.00169176764520861,0.255614548921585,6.44510240732643e-08,0,1.75416249758866e-06,-0.111258648335934,0.0634809126693554,-0.5,0.0428521268670402,-0.105149172246456,0.00766585389792684,0,0.0584376006241524,-0.0197666846215725,0.76557155353754,0,0.613616859117356,-0.0577414408326149,0.44392714299369,0,0.441429321099786,-0.0922093540430069,0.146832678716408,0,0.301231266830483,-0.0584229230880737,0.288504417609069,0,0.663201045193554,-0.00564841320738196,0.917109139881041,0,0.647292735715097,-0.0680353939533234,0.263482827337126,-1,0.0176831895757728,-0.161059781908989,0.00122823231568692,0,0.011539988490259,-0.140808895230293,0.0288538968285343,0,0.145652648426355
"CSNK2A1_mut",0.0403513349592686,0.649809239054741,NA,NA,-0.0129411043599248,0.686671023781124,NA,NA,NA,NA,NA,NA,NA,NA,NA,NA,NA,NA,NA,NA,0.0381850227713585,0.525308530042609,0,1,-0.0469932742416859,0.234424353474589,0,1,NA,NA,NA,NA,NA,NA,NA,NA,NA,NA,NA,NA,NA,NA,NA,NA,0.00630793208256364,0.907471699995231,NA,NA,0.0696035698056221,0.252610005691382,0,1,NA,NA,NA,NA,NA,NA,NA,NA
"ASXL1_cna",-0.0911431387066841,0.30430225603806,0,0.522518124746298,0.0284007098525763,0.375942338166172,0,0.787413118562356,-0.0641022101044655,0.375799327875719,0,0.46800962863655,-0.323596000671387,1.17584932013415e-06,-0.5,0.000165400151875614,0.271200090646744,9.02380414835591e-09,0,2.29823231722729e-06,-0.158909380435944,0.00783003936809257,-1,0.00300195506841427,-0.101643525063992,0.00996407986540904,0,0.00405791183113198,0.00315243029035628,0.962075991517229,0,0.252543547341829,-0.0817436426877975,0.27804165249041,-1,0.90929337654217,0.0213331617414951,0.737643260050013,0,0.540628947120667,-0.135758385062218,0.0132946169815047,0,0.15093609687597,0.0518531575798988,0.33903912975545,0,0.30892628600399,-0.183598101139069,0.00236645200632291,0,0.00808873253644969,-0.152051895856857,0.0022939848133583,0,0.0209687753249012,-0.130048528313637,0.0436983259574644,0,0.226767213962855
"ASXL1_mut",-0.0396317169070244,0.655652325717593,0,1,-0.0590465925633907,0.065471569299167,0,0.47859741739076,0.0301957856863737,0.676778408051188,0,0.367879441171442,0.1335618942976,0.0499545667396519,0,0.475383992191762,NA,NA,NA,NA,-0.1092149913311,0.0685290170242838,0,0.243099419827781,0.0114621138200164,0.771917708212567,0,1,NA,NA,NA,NA,0.0345218665897846,0.647332797462078,NA,NA,NA,NA,NA,NA,NA,NA,NA,NA,NA,NA,NA,NA,0.050421480089426,0.407517797868432,0,1,NA,NA,NA,NA,0.0756289660930634,0.242142256301418,0,1
"IFNGR2_cna",-0.150205358862877,0.0893091710081362,0,0.3077180219268,0.0600002892315388,0.0612302089430186,0,0.09198988100293,-0.0254413336515427,0.725435926335388,0,0.795583930821588,0.0390958227217197,0.567678790824857,0,0.789731668018179,0.121136479079723,0.0114534860457451,0,7.31023340053358e-05,0.116421118378639,0.0520770968945934,0,0.446820343862607,0.147482082247734,0.000176762048754275,0,3.38724885048079e-06,-0.0231087561696768,0.727390576133042,0,0.852607666901937,-0.00285259680822492,0.969854852108679,0,0.549149990976095,-0.00555672775954008,0.930478234282421,0,0.498709566094785,-0.0537388063967228,0.328975191644017,0,0.643955669228055,-0.068078450858593,0.209174217048091,0,0.250420096693679,-0.0257271397858858,0.672719406510792,0,0.00103369992733131,0.0183051414787769,0.715120592567931,0,0.757991328534476,0.00328413536772132,0.959549789211784,0,0.703303823651563
"IFNGR2_mut",0.0237360782921314,0.789466373694912,NA,NA,NA,NA,NA,NA,-0.0233163759112358,0.747558002101594,NA,NA,-0.0989853367209435,0.147085521896484,0,1,NA,NA,NA,NA,-0.0312763527035713,0.602924218571941,NA,NA,NA,NA,NA,NA,NA,NA,NA,NA,NA,NA,NA,NA,NA,NA,NA,NA,NA,NA,NA,NA,0.0404963679611683,0.455381407463074,0,1,NA,NA,NA,NA,NA,NA,NA,NA,NA,NA,NA,NA
"EP300_cna",0.0712089166045189,0.422596706827735,1,0.321550994126929,0.0287229064851999,0.370548690253306,0,0.988238175539692,-0.0688472986221313,0.341414840320907,0,0.553858265622439,0.183011397719383,0.00699849677071418,0,0.0270647317657813,-0.190454855561256,6.40232058710666e-05,0,1.61421042317531e-05,-0.0748196840286255,0.212811636738892,0,0.000661655063238969,0.0701573640108109,0.0756748169341317,0,2.6147809159158e-05,-0.101989902555943,0.12298840799678,0,0.404340392823069,-0.2076805382967,0.00540786931140991,-1,0.0089477026774615,0.175785437226295,0.0054094574715926,0,0.091735170557908,-0.00313944229856133,0.954554950776864,0,0.549780144124513,-0.0192972347140312,0.722143885277154,0,0.57564410894622,0.113024942576885,0.0626821440534411,0,0.000202712276682549,0.101177394390106,0.0431342613767192,0,0.0793847116822013,0.0695261359214783,0.282363231800938,0,0.0712715996152613
"EP300_mut",0.111395083367825,0.2088239735669,0,0.605940350648675,-0.0168437212705612,0.599557152856232,0,1,0.0370637588202953,0.608834937945809,0,1,NA,NA,NA,NA,NA,NA,NA,NA,0.077189713716507,0.198634167947486,0,0.604321078700979,-0.0759634450078011,0.0543834434730412,0,0.365587364863763,-0.098035953938961,0.13827084706564,0,1,0.0885005965828896,0.240101496273737,0,1,NA,NA,NA,NA,NA,NA,NA,NA,-0.0189237967133522,0.727305291604975,NA,NA,0.0491562709212303,0.419401118382504,0,1,NA,NA,NA,NA,-0.0137378247454762,0.831974729122871,0,1
"DDX3X_cna",-0.00640918919816613,0.942532993874974,0,0.010196463997421,0.058366384357214,0.0686421060132143,0,0.246923705770214,0.0566624067723751,0.433806339140758,0,0.699697081254697,-0.0957520827651024,0.160819417932264,0,0.115812404228197,0.0721936002373695,0.132749689013159,0,0.0324414367278009,0.2280662804842,0.00012147768709192,0,0.000813080510261134,-0.00809219013899565,0.837852295503685,0,2.1028556684783e-13,0.0229380838572979,0.729325097981354,0,0.688539033332806,0.0790623649954796,0.294161965063727,0,0.256369162243938,-0.00172558845952153,0.978386087184815,0,0.167588797090747,0.0374953523278236,0.495959733352896,0,0.842460441616771,0.109163202345371,0.0436513680695474,0,5.41684798517081e-05,-0.0783025324344635,0.197944917094055,0,6.13982302861374e-05,0.0121153583750129,0.809122876717565,0,0.180542116389262,-0.0904138013720512,0.161762189530465,0,0.00428249264561141
"DDX3X_mut",-0.0308569017797709,0.728487281857449,NA,NA,NA,NA,NA,NA,NA,NA,NA,NA,0.0913290157914162,0.181136187339966,0,1,NA,NA,NA,NA,0.00595740042626858,0.921088775621791,NA,NA,0.0120413601398468,0.760733995446196,NA,NA,0.0791254639625549,0.231956546352007,0,1,NA,NA,NA,NA,NA,NA,NA,NA,NA,NA,NA,NA,-0.0269092321395874,0.619960145332715,0,1,0.114544451236725,0.0592101648674623,0,0.476239307338938,NA,NA,NA,NA,0.0575258955359459,0.373930235865167,0,1
"SSX5_cna",0.0544386990368366,0.540047484964513,0,0.0100518357446336,0.0595730543136597,0.0631012860943228,0,0.402498877809361,0.0434197299182415,0.548792474979427,0,0.699697081254697,-0.0627986714243889,0.358357289608247,0,0.0924064933348568,0.051844134926796,0.280628045239121,0,0.0662682752127637,0.225566044449806,0.000144773712026591,0,0.000768784920187131,-0.00409721536561847,0.917477093979927,0,2.1028556684783e-13,0.00557840848341584,0.932944750778484,0,0.598685609501792,0.0776556804776192,0.302862878485265,0,0.312420671466852,0.103964984416962,0.101688300886912,1,0.341121605071116,0.0240135192871094,0.662865920519125,0,0.928025057183835,0.117587134242058,0.0296935946303698,0,2.14941146511534e-05,-0.0762651711702347,0.209903185706862,0,8.41864712965897e-05,0.0121153583750129,0.809122876717565,0,0.180542116389262,-0.0364645756781101,0.573212445244246,0,0.000425676228153399
"FOXP3_cna",0.0544386990368366,0.540047484964513,0,0.0100518357446336,0.0625684037804604,0.0509262151181391,0,0.401098189153438,0.0434197299182415,0.548792474979427,0,0.699697081254697,-0.0570076815783978,0.404475398520963,0,0.103814527656736,0.0497982688248158,0.300071635559752,0,0.0662682752127637,0.221506789326668,0.000191693958546235,0,0.000768784920187131,0.00127923919353634,0.974193055189895,0,1.1655562445366e-12,-0.00895257294178009,0.892583845341806,0,0.598685609501792,0.0376810729503632,0.61752314063252,0,0.227647113061301,0.135391384363174,0.0327175199305989,1,0.176264212183493,0.00854463968425989,0.876737458017105,0,0.928025057183835,0.120221957564354,0.0262007446979284,0,2.14941146511534e-05,-0.0490105450153351,0.420782723690585,0,0.00016605449136641,0.0121153583750129,0.809122876717565,0,0.180542116389262,-0.0537272840738297,0.40634928587481,0,0.000330300881133997
"FOXP3_mut",0.0617138035595417,0.48719678580495,NA,NA,NA,NA,NA,NA,NA,NA,NA,NA,NA,NA,NA,NA,NA,NA,NA,NA,NA,NA,NA,NA,-0.0141725745052099,0.720029849836422,NA,NA,NA,NA,NA,NA,NA,NA,NA,NA,NA,NA,NA,NA,NA,NA,NA,NA,NA,NA,NA,NA,NA,NA,NA,NA,NA,NA,NA,NA,0.114259079098701,0.0766675191035189,0,0.361798928839963
"SMC1A_cna",0.0325491949915886,0.71422589210205,0,0.0360153686813659,0.0494937784969807,0.122682221930211,0,0.157599387650082,0.025880353525281,0.720892970855929,0,0.724612701003452,-0.0948879048228264,0.164648214195486,0,0.0952632553278102,0.041993223130703,0.382279771878368,0,0.200785219844154,0.145701795816422,0.0148594813803653,0,0.00166951463598772,0.00604731915518641,0.878455001294547,0,1.57387252912413e-12,0.0257230997085571,0.697979875323484,0,0.663523810671572,0.0852309837937355,0.257982941518175,0,0.150458600140374,0.0322032831609249,0.613043731232939,1,0.59772559372398,-0.0064904554747045,0.906212713173088,0,0.413181369207202,0.106969282031059,0.0480822124755429,0,2.14941146511534e-05,-0.0882468670606613,0.146630869806879,0,8.63295230404129e-05,-0.0263948813080788,0.598653885294423,0,0.4783588048305,-0.0678206607699394,0.294365183400841,0,0.00126575828068064
"SMC1A_mut",0.0450985506176949,0.611808417234234,NA,NA,-0.0343290753662586,0.284477598401856,0,0.605905692576084,0.110105104744434,0.127426099648422,0,1,0.108829185366631,0.110731088341819,0,1,NA,NA,NA,NA,NA,NA,NA,NA,-0.0115978829562664,0.769292024446543,NA,NA,NA,NA,NA,NA,NA,NA,NA,NA,NA,NA,NA,NA,NA,NA,NA,NA,0.0814546048641205,0.132750409019479,0,1,NA,NA,NA,NA,NA,NA,NA,NA,0.0955672115087509,0.139066448869186,0,1
"MORC4_cna",0.121046602725983,0.171790338116187,0,0.458142250191896,0.0233191102743149,0.467268967706249,0,0.568392987458244,-0.0919262170791626,0.203558732356978,0,0.372126290695096,-0.0462209582328796,0.499214524551935,0,0.940753528996032,-0.0830047577619553,0.0837723724147734,0,0.157503147283213,-0.0631467625498772,0.293225149009191,0,0.0458662301068648,0.00896915420889854,0.820564027444707,0,0.9795710792986,-0.0479525737464428,0.469255494704074,0,0.834984462119098,0.0516808219254017,0.493275507552927,0,0.0714378235535934,-0.0489239320158958,0.442141203003676,0,0.827901526070724,-0.00346427992917597,0.949858635776998,0,0.789436208396539,0.085523322224617,0.114403350957438,0,0.0678668618128701,-0.0195354502648115,0.748412181607316,0,0.00283388639403687,-0.0763987749814987,0.127153413472834,0,0.15413613991259,-0.0760210081934929,0.239702896808852,0,0.00162504101710725
"CUL4B_cna",-0.0069989375770092,0.937255435806985,0,0.47994428832796,0.0311301834881306,0.331783028550034,0,0.50909171249278,-0.0319916792213917,0.658729058827781,0,0.895214455273166,-0.0438885539770126,0.521136927425694,0,0.789597792480829,-0.0757964849472046,0.114431543625627,0,0.125472181703264,-0.0929273068904877,0.121483670011865,0,0.227097732028429,0.0130338212475181,0.741688832422257,0,0.976576519255757,-0.0052644950337708,0.93671004017254,0,0.930740711704785,-0.0309539623558521,0.681684072892037,0,0.779374149962679,0.000523099733982235,0.993447174293267,0,0.773641476045613,-0.00214202608913183,0.968984138007016,0,0.572168921176865,0.0839070454239845,0.121438334376869,0,0.0749481601993049,0.00200731144286692,0.973712067948922,0,0.379125557023395,-0.0763987749814987,0.127153413472834,0,0.15413613991259,-0.0506401918828487,0.43388427810558,0,0.304677384093684
"CUL4B_mut",-0.0488646849989891,0.582372313872801,0,0.332197561388374,0.0148794194683433,0.642790495227548,NA,NA,NA,NA,NA,NA,0.127134516835213,0.0621502909799538,0,0.159216210067735,NA,NA,NA,NA,0.0208509024232626,0.728777022604723,NA,NA,NA,NA,NA,NA,NA,NA,NA,NA,0.0460788235068321,0.541357471500084,NA,NA,NA,NA,NA,NA,NA,NA,NA,NA,-0.0798090547323227,0.140784769988238,0,0.322970449706676,-0.0390689186751842,0.521120770744115,NA,NA,NA,NA,NA,NA,0.119744926691055,0.063459302425354,0,0.159010978500732
"cyt.cat",0.922002971172333,0,NA,NA,0.918872356414795,0,NA,NA,0.920886337757111,0,NA,NA,0.91856849193573,0,NA,NA,0.918911576271057,0,NA,NA,0.91910982131958,0,NA,NA,0.919034123420715,0,NA,NA,0.919878423213959,0,NA,NA,0.920259654521942,0,NA,NA,0.920371830463409,0,NA,NA,0.918562829494476,0,NA,NA,0.919448733329773,0,NA,NA,0.918564856052399,0,NA,NA,0.918561518192291,0,NA,NA,0.920430958271027,0,NA,NA
"cyt.bool",0.8661248087883,0,NA,NA,0.866027235984802,0,NA,NA,0.866070508956909,0,NA,NA,0.866062521934509,0,NA,NA,0.866034507751465,0,NA,NA,0.866047501564026,0,NA,NA,0.866029560565948,0,NA,NA,0.866057574748993,0,NA,NA,0.866078853607178,0,NA,NA,0.866052687168121,0,NA,NA,0.866041123867035,0,NA,NA,0.866040050983429,0,NA,NA,0.866048812866211,0,NA,NA,0.866036236286163,0,NA,NA,0.866054475307465,0,NA,NA
